name,length,theme,rationale,ideation_quality,crates_io,debian,debian_collision,homebrew,homebrew_collision,npm,crates_url,debian_search_url,homebrew_search_url,npm_url
hawse,5,anchoring,"Fastening, persistence, or content anchoring",3,available,available,,available,,available,https://crates.io/crates/hawse,https://packages.debian.org/search?keywords=hawse&searchon=names&suite=all&section=all,https://formulae.brew.sh/search?q=hawse,https://www.npmjs.com/package/hawse
debur,5,craft,"Building, fitting, sharpening, or finishing work",5,available,available,,available,,available,https://crates.io/crates/debur,https://packages.debian.org/search?keywords=debur&searchon=names&suite=all&section=all,https://formulae.brew.sh/search?q=debur,https://www.npmjs.com/package/debur
elenk,5,inspection-rare,"Close examination, screening, or diagnostic work",6,available,available,,available,,available,https://crates.io/crates/elenk,https://packages.debian.org/search?keywords=elenk&searchon=names&suite=all&section=all,https://formulae.brew.sh/search?q=elenk,https://www.npmjs.com/package/elenk
weigh,5,anchoring,"Fastening, persistence, or content anchoring",5,available,available,,available,,occupied,https://crates.io/crates/weigh,https://packages.debian.org/search?keywords=weigh&searchon=names&suite=all&section=all,https://formulae.brew.sh/search?q=weigh,https://www.npmjs.com/package/weigh
clews,5,nautical-fastening,Specialist nautical fastening or anchor hardware,5,available,available,,available,,available,https://crates.io/crates/clews,https://packages.debian.org/search?keywords=clews&searchon=names&suite=all&section=all,https://formulae.brew.sh/search?q=clews,https://www.npmjs.com/package/clews
crity,5,review,"Review, critique, discussion, or a second look",3,available,available,,available,,available,https://crates.io/crates/crity,https://packages.debian.org/search?keywords=crity&searchon=names&suite=all&section=all,https://formulae.brew.sh/search?q=crity,https://www.npmjs.com/package/crity
qere,4,editorial-marks,Historic proofreading or textual-annotation mark,6,available,available,,available,,available,https://crates.io/crates/qere,https://packages.debian.org/search?keywords=qere&searchon=names&suite=all&section=all,https://formulae.brew.sh/search?q=qere,https://www.npmjs.com/package/qere
flaws,5,finishing,A flaw or rough remnant found and removed during finishing,3,available,available,,available,,available,https://crates.io/crates/flaws,https://packages.debian.org/search?keywords=flaws&searchon=names&suite=all&section=all,https://formulae.brew.sh/search?q=flaws,https://www.npmjs.com/package/flaws
burrs,5,finishing,A flaw or rough remnant found and removed during finishing,5,available,available,,available,,available,https://crates.io/crates/burrs,https://packages.debian.org/search?keywords=burrs&searchon=names&suite=all&section=all,https://formulae.brew.sh/search?q=burrs,https://www.npmjs.com/package/burrs
thole,5,nautical-fastening,Specialist nautical fastening or anchor hardware,5,available,available,,available,,available,https://crates.io/crates/thole,https://packages.debian.org/search?keywords=thole&searchon=names&suite=all&section=all,https://formulae.brew.sh/search?q=thole,https://www.npmjs.com/package/thole
cites,5,review,"Review, critique, discussion, or a second look",3,available,available,,available,,available,https://crates.io/crates/cites,https://packages.debian.org/search?keywords=cites&searchon=names&suite=all&section=all,https://formulae.brew.sh/search?q=cites,https://www.npmjs.com/package/cites
diple,5,editorial-marks,Historic proofreading or textual-annotation mark,6,available,available,,available,,available,https://crates.io/crates/diple,https://packages.debian.org/search?keywords=diple&searchon=names&suite=all&section=all,https://formulae.brew.sh/search?q=diple,https://www.npmjs.com/package/diple
adher,5,persistence,Staying attached to the same underlying content,6,available,available,,available,,available,https://crates.io/crates/adher,https://packages.debian.org/search?keywords=adher&searchon=names&suite=all&section=all,https://formulae.brew.sh/search?q=adher,https://www.npmjs.com/package/adher
basan,5,inspection-rare,"Close examination, screening, or diagnostic work",6,available,available,,available,,available,https://crates.io/crates/basan,https://packages.debian.org/search?keywords=basan&searchon=names&suite=all&section=all,https://formulae.brew.sh/search?q=basan,https://www.npmjs.com/package/basan
dokim,5,judgment,"Judgment, approval, standards, or peer collaboration",6,available,available,,available,,available,https://crates.io/crates/dokim,https://packages.debian.org/search?keywords=dokim&searchon=names&suite=all&section=all,https://formulae.brew.sh/search?q=dokim,https://www.npmjs.com/package/dokim
elenx,5,inspection-rare,"Close examination, screening, or diagnostic work",6,available,available,,available,,available,https://crates.io/crates/elenx,https://packages.debian.org/search?keywords=elenx&searchon=names&suite=all&section=all,https://formulae.brew.sh/search?q=elenx,https://www.npmjs.com/package/elenx
fidu,4,metrology,A fixed reference or pass/fail measurement,6,available,available,,available,,available,https://crates.io/crates/fidu,https://packages.debian.org/search?keywords=fidu&searchon=names&suite=all&section=all,https://formulae.brew.sh/search?q=fidu,https://www.npmjs.com/package/fidu
fiduc,5,metrology,A fixed reference or pass/fail measurement,6,available,available,,available,,available,https://crates.io/crates/fiduc,https://packages.debian.org/search?keywords=fiduc&searchon=names&suite=all&section=all,https://formulae.brew.sh/search?q=fiduc,https://www.npmjs.com/package/fiduc
grans,5,languages,"Compact root for review, rereading, or scrutiny in another language",6,available,available,,available,,available,https://crates.io/crates/grans,https://packages.debian.org/search?keywords=grans&searchon=names&suite=all&section=all,https://formulae.brew.sh/search?q=grans,https://www.npmjs.com/package/grans
krino,5,judgment,"Judgment, approval, standards, or peer collaboration",6,available,available,,available,,available,https://crates.io/crates/krino,https://packages.debian.org/search?keywords=krino&searchon=names&suite=all&section=all,https://formulae.brew.sh/search?q=krino,https://www.npmjs.com/package/krino
naqd,4,languages,"Compact root for review, rereading, or scrutiny in another language",6,available,available,,available,,available,https://crates.io/crates/naqd,https://packages.debian.org/search?keywords=naqd&searchon=names&suite=all&section=all,https://formulae.brew.sh/search?q=naqd,https://www.npmjs.com/package/naqd
naqid,5,languages,"Compact root for review, rereading, or scrutiny in another language",6,available,available,,available,,available,https://crates.io/crates/naqid,https://packages.debian.org/search?keywords=naqid&searchon=names&suite=all&section=all,https://formulae.brew.sh/search?q=naqid,https://www.npmjs.com/package/naqid
nital,5,finishing,A flaw or rough remnant found and removed during finishing,6,available,available,,available,,available,https://crates.io/crates/nital,https://packages.debian.org/search?keywords=nital&searchon=names&suite=all&section=all,https://formulae.brew.sh/search?q=nital,https://www.npmjs.com/package/nital
pruef,5,languages,"Compact root for review, rereading, or scrutiny in another language",6,available,available,,available,,available,https://crates.io/crates/pruef,https://packages.debian.org/search?keywords=pruef&searchon=names&suite=all&section=all,https://formulae.brew.sh/search?q=pruef,https://www.npmjs.com/package/pruef
recen,5,inspection-rare,"Close examination, screening, or diagnostic work",6,available,available,,available,,available,https://crates.io/crates/recen,https://packages.debian.org/search?keywords=recen&searchon=names&suite=all&section=all,https://formulae.brew.sh/search?q=recen,https://www.npmjs.com/package/recen
relir,5,languages,"Compact root for review, rereading, or scrutiny in another language",6,available,available,,available,,available,https://crates.io/crates/relir,https://packages.debian.org/search?keywords=relir&searchon=names&suite=all&section=all,https://formulae.brew.sh/search?q=relir,https://www.npmjs.com/package/relir
revoi,5,languages,"Compact root for review, rereading, or scrutiny in another language",6,available,available,,available,,available,https://crates.io/crates/revoi,https://packages.debian.org/search?keywords=revoi&searchon=names&suite=all&section=all,https://formulae.brew.sh/search?q=revoi,https://www.npmjs.com/package/revoi
ryna,4,languages,"Compact root for review, rereading, or scrutiny in another language",6,available,available,,available,,available,https://crates.io/crates/ryna,https://packages.debian.org/search?keywords=ryna&searchon=names&suite=all&section=all,https://formulae.brew.sh/search?q=ryna,https://www.npmjs.com/package/ryna
sceaw,5,languages,"Compact root for review, rereading, or scrutiny in another language",6,available,available,,available,,available,https://crates.io/crates/sceaw,https://packages.debian.org/search?keywords=sceaw&searchon=names&suite=all&section=all,https://formulae.brew.sh/search?q=sceaw,https://www.npmjs.com/package/sceaw
snagr,5,finishing,A flaw or rough remnant found and removed during finishing,6,available,available,,available,,available,https://crates.io/crates/snagr,https://packages.debian.org/search?keywords=snagr&searchon=names&suite=all&section=all,https://formulae.brew.sh/search?q=snagr,https://www.npmjs.com/package/snagr
stead,5,persistence,Staying attached to the same underlying content,6,available,available,,available,,available,https://crates.io/crates/stead,https://packages.debian.org/search?keywords=stead&searchon=names&suite=all&section=all,https://formulae.brew.sh/search?q=stead,https://www.npmjs.com/package/stead
tarki,5,languages,"Compact root for review, rereading, or scrutiny in another language",6,available,available,,available,,available,https://crates.io/crates/tarki,https://packages.debian.org/search?keywords=tarki&searchon=names&suite=all&section=all,https://formulae.brew.sh/search?q=tarki,https://www.npmjs.com/package/tarki
vettr,5,inspection-rare,"Close examination, screening, or diagnostic work",6,available,available,,available,,available,https://crates.io/crates/vettr,https://packages.debian.org/search?keywords=vettr&searchon=names&suite=all&section=all,https://formulae.brew.sh/search?q=vettr,https://www.npmjs.com/package/vettr
btape,5,approval-gate,"A punch list, rating, or permission to proceed",5,available,available,,available,,available,https://crates.io/crates/btape,https://packages.debian.org/search?keywords=btape&searchon=names&suite=all&section=all,https://formulae.brew.sh/search?q=btape,https://www.npmjs.com/package/btape
cense,5,judgment,"Judgment, approval, standards, or peer collaboration",5,available,available,,available,,available,https://crates.io/crates/cense,https://packages.debian.org/search?keywords=cense&searchon=names&suite=all&section=all,https://formulae.brew.sh/search?q=cense,https://www.npmjs.com/package/cense
clued,5,persistence,Staying attached to the same underlying content,5,available,available,,available,,available,https://crates.io/crates/clued,https://packages.debian.org/search?keywords=clued&searchon=names&suite=all&section=all,https://formulae.brew.sh/search?q=clued,https://www.npmjs.com/package/clued
hunkr,5,review-slang,Developer-review vocabulary or compact critique coinage,5,available,available,,available,,available,https://crates.io/crates/hunkr,https://packages.debian.org/search?keywords=hunkr&searchon=names&suite=all&section=all,https://formulae.brew.sh/search?q=hunkr,https://www.npmjs.com/package/hunkr
nitpi,5,review-slang,Developer-review vocabulary or compact critique coinage,5,available,available,,available,,available,https://crates.io/crates/nitpi,https://packages.debian.org/search?keywords=nitpi&searchon=names&suite=all&section=all,https://formulae.brew.sh/search?q=nitpi,https://www.npmjs.com/package/nitpi
parly,5,council,Peers meeting to discuss and reach judgment,5,available,available,,available,,available,https://crates.io/crates/parly,https://packages.debian.org/search?keywords=parly&searchon=names&suite=all&section=all,https://formulae.brew.sh/search?q=parly,https://www.npmjs.com/package/parly
plims,5,approval-gate,"A punch list, rating, or permission to proceed",5,available,available,,available,,available,https://crates.io/crates/plims,https://packages.debian.org/search?keywords=plims&searchon=names&suite=all&section=all,https://formulae.brew.sh/search?q=plims,https://www.npmjs.com/package/plims
prati,5,approval-gate,"A punch list, rating, or permission to proceed",5,available,available,,available,,available,https://crates.io/crates/prati,https://packages.debian.org/search?keywords=prati&searchon=names&suite=all&section=all,https://formulae.brew.sh/search?q=prati,https://www.npmjs.com/package/prati
redin,5,review-slang,Developer-review vocabulary or compact critique coinage,5,available,available,,available,,available,https://crates.io/crates/redin,https://packages.debian.org/search?keywords=redin&searchon=names&suite=all&section=all,https://formulae.brew.sh/search?q=redin,https://www.npmjs.com/package/redin
redtg,5,approval-gate,"A punch list, rating, or permission to proceed",5,available,available,,available,,available,https://crates.io/crates/redtg,https://packages.debian.org/search?keywords=redtg&searchon=names&suite=all&section=all,https://formulae.brew.sh/search?q=redtg,https://www.npmjs.com/package/redtg
revis,5,languages,"Compact root for review, rereading, or scrutiny in another language",5,available,available,,available,,available,https://crates.io/crates/revis,https://packages.debian.org/search?keywords=revis&searchon=names&suite=all&section=all,https://formulae.brew.sh/search?q=revis,https://www.npmjs.com/package/revis
rived,5,languages,"Compact root for review, rereading, or scrutiny in another language",5,available,available,,available,,available,https://crates.io/crates/rived,https://packages.debian.org/search?keywords=rived&searchon=names&suite=all&section=all,https://formulae.brew.sh/search?q=rived,https://www.npmjs.com/package/rived
scurf,5,finishing,A flaw or rough remnant found and removed during finishing,5,available,available,,available,,available,https://crates.io/crates/scurf,https://packages.debian.org/search?keywords=scurf&searchon=names&suite=all&section=all,https://formulae.brew.sh/search?q=scurf,https://www.npmjs.com/package/scurf
stays,5,persistence,Staying attached to the same underlying content,5,available,available,,available,,available,https://crates.io/crates/stays,https://packages.debian.org/search?keywords=stays&searchon=names&suite=all&section=all,https://formulae.brew.sh/search?q=stays,https://www.npmjs.com/package/stays
witns,5,metrology,A fixed reference or pass/fail measurement,5,available,available,,available,,available,https://crates.io/crates/witns,https://packages.debian.org/search?keywords=witns&searchon=names&suite=all&section=all,https://formulae.brew.sh/search?q=witns,https://www.npmjs.com/package/witns
ackd,4,review-slang,Developer-review vocabulary or compact critique coinage,4,available,available,,available,,available,https://crates.io/crates/ackd,https://packages.debian.org/search?keywords=ackd&searchon=names&suite=all&section=all,https://formulae.brew.sh/search?q=ackd,https://www.npmjs.com/package/ackd
morsl,5,cooking,"Cooking, tasting, preparation, or the pass",4,available,available,,available,,available,https://crates.io/crates/morsl,https://packages.debian.org/search?keywords=morsl&searchon=names&suite=all&section=all,https://formulae.brew.sh/search?q=morsl,https://www.npmjs.com/package/morsl
savur,5,cooking-rare,"Specialist tasting, sieving, or kitchen quality-control term",4,available,available,,available,,available,https://crates.io/crates/savur,https://packages.debian.org/search?keywords=savur&searchon=names&suite=all&section=all,https://formulae.brew.sh/search?q=savur,https://www.npmjs.com/package/savur
tickt,5,approval-gate,"A punch list, rating, or permission to proceed",4,available,available,,available,,available,https://crates.io/crates/tickt,https://packages.debian.org/search?keywords=tickt&searchon=names&suite=all&section=all,https://formulae.brew.sh/search?q=tickt,https://www.npmjs.com/package/tickt
bluin,5,metrology,A fixed reference or pass/fail measurement,3,available,available,,available,,available,https://crates.io/crates/bluin,https://packages.debian.org/search?keywords=bluin&searchon=names&suite=all&section=all,https://formulae.brew.sh/search?q=bluin,https://www.npmjs.com/package/bluin
calip,5,inspection,"Looking closely, measuring, testing, or finding defects",3,available,available,,available,,available,https://crates.io/crates/calip,https://packages.debian.org/search?keywords=calip&searchon=names&suite=all&section=all,https://formulae.brew.sh/search?q=calip,https://www.npmjs.com/package/calip
colum,5,editorial,"Editorial, manuscript, or proofing metaphor",3,available,available,,available,,available,https://crates.io/crates/colum,https://packages.debian.org/search?keywords=colum&searchon=names&suite=all&section=all,https://formulae.brew.sh/search?q=colum,https://www.npmjs.com/package/colum
copye,5,editorial,"Editorial, manuscript, or proofing metaphor",3,available,available,,available,,available,https://crates.io/crates/copye,https://packages.debian.org/search?keywords=copye&searchon=names&suite=all&section=all,https://formulae.brew.sh/search?q=copye,https://www.npmjs.com/package/copye
crite,5,review,"Review, critique, discussion, or a second look",3,available,available,,available,,available,https://crates.io/crates/crite,https://packages.debian.org/search?keywords=crite&searchon=names&suite=all&section=all,https://formulae.brew.sh/search?q=crite,https://www.npmjs.com/package/crite
crits,5,review,"Review, critique, discussion, or a second look",3,available,available,,available,,available,https://crates.io/crates/crits,https://packages.debian.org/search?keywords=crits&searchon=names&suite=all&section=all,https://formulae.brew.sh/search?q=crits,https://www.npmjs.com/package/crits
gybe,4,shipping,"Shipping, navigation, readiness, or a quality gate",3,available,available,,available,,available,https://crates.io/crates/gybe,https://packages.debian.org/search?keywords=gybe&searchon=names&suite=all&section=all,https://formulae.brew.sh/search?q=gybe,https://www.npmjs.com/package/gybe
mancl,5,editorial-marks,Historic proofreading or textual-annotation mark,3,available,available,,available,,available,https://crates.io/crates/mancl,https://packages.debian.org/search?keywords=mancl&searchon=names&suite=all&section=all,https://formulae.brew.sh/search?q=mancl,https://www.npmjs.com/package/mancl
moora,5,anchoring,"Fastening, persistence, or content anchoring",3,available,available,,available,,available,https://crates.io/crates/moora,https://packages.debian.org/search?keywords=moora&searchon=names&suite=all&section=all,https://formulae.brew.sh/search?q=moora,https://www.npmjs.com/package/moora
moord,5,anchoring,"Fastening, persistence, or content anchoring",3,available,available,,available,,available,https://crates.io/crates/moord,https://packages.debian.org/search?keywords=moord&searchon=names&suite=all&section=all,https://formulae.brew.sh/search?q=moord,https://www.npmjs.com/package/moord
moori,5,anchoring,"Fastening, persistence, or content anchoring",3,available,available,,available,,available,https://crates.io/crates/moori,https://packages.debian.org/search?keywords=moori&searchon=names&suite=all&section=all,https://formulae.brew.sh/search?q=moori,https://www.npmjs.com/package/moori
moorn,5,anchoring,"Fastening, persistence, or content anchoring",3,available,available,,available,,available,https://crates.io/crates/moorn,https://packages.debian.org/search?keywords=moorn&searchon=names&suite=all&section=all,https://formulae.brew.sh/search?q=moorn,https://www.npmjs.com/package/moorn
moory,5,anchoring,"Fastening, persistence, or content anchoring",3,available,available,,available,,available,https://crates.io/crates/moory,https://packages.debian.org/search?keywords=moory&searchon=names&suite=all&section=all,https://formulae.brew.sh/search?q=moory,https://www.npmjs.com/package/moory
pilcr,5,editorial-marks,Historic proofreading or textual-annotation mark,3,available,available,,available,,available,https://crates.io/crates/pilcr,https://packages.debian.org/search?keywords=pilcr&searchon=names&suite=all&section=all,https://formulae.brew.sh/search?q=pilcr,https://www.npmjs.com/package/pilcr
pinnd,5,persistence,Staying attached to the same underlying content,3,available,available,,available,,available,https://crates.io/crates/pinnd,https://packages.debian.org/search?keywords=pinnd&searchon=names&suite=all&section=all,https://formulae.brew.sh/search?q=pinnd,https://www.npmjs.com/package/pinnd
redig,5,review,"Review, critique, discussion, or a second look",3,available,available,,available,,available,https://crates.io/crates/redig,https://packages.debian.org/search?keywords=redig&searchon=names&suite=all&section=all,https://formulae.brew.sh/search?q=redig,https://www.npmjs.com/package/redig
redue,5,review,"Review, critique, discussion, or a second look",3,available,available,,available,,available,https://crates.io/crates/redue,https://packages.debian.org/search?keywords=redue&searchon=names&suite=all&section=all,https://formulae.brew.sh/search?q=redue,https://www.npmjs.com/package/redue
revie,5,review,"Review, critique, discussion, or a second look",3,available,available,,available,,available,https://crates.io/crates/revie,https://packages.debian.org/search?keywords=revie&searchon=names&suite=all&section=all,https://formulae.brew.sh/search?q=revie,https://www.npmjs.com/package/revie
scrye,5,inspection-rare,"Close examination, screening, or diagnostic work",3,available,available,,available,,available,https://crates.io/crates/scrye,https://packages.debian.org/search?keywords=scrye&searchon=names&suite=all&section=all,https://formulae.brew.sh/search?q=scrye,https://www.npmjs.com/package/scrye
scryt,5,inspection-rare,"Close examination, screening, or diagnostic work",3,available,available,,available,,available,https://crates.io/crates/scryt,https://packages.debian.org/search?keywords=scryt&searchon=names&suite=all&section=all,https://formulae.brew.sh/search?q=scryt,https://www.npmjs.com/package/scryt
selv,4,material,"Materials, structure, and durable workmanship",3,available,available,,available,,available,https://crates.io/crates/selv,https://packages.debian.org/search?keywords=selv&searchon=names&suite=all&section=all,https://formulae.brew.sh/search?q=selv,https://www.npmjs.com/package/selv
sentr,5,inspection,"Looking closely, measuring, testing, or finding defects",3,available,available,,available,,available,https://crates.io/crates/sentr,https://packages.debian.org/search?keywords=sentr&searchon=names&suite=all&section=all,https://formulae.brew.sh/search?q=sentr,https://www.npmjs.com/package/sentr
signf,5,approval-gate,"A punch list, rating, or permission to proceed",3,available,available,,available,,available,https://crates.io/crates/signf,https://packages.debian.org/search?keywords=signf&searchon=names&suite=all&section=all,https://formulae.brew.sh/search?q=signf,https://www.npmjs.com/package/signf
skewa,5,cooking-rare,"Specialist tasting, sieving, or kitchen quality-control term",3,available,available,,available,,available,https://crates.io/crates/skewa,https://packages.debian.org/search?keywords=skewa&searchon=names&suite=all&section=all,https://formulae.brew.sh/search?q=skewa,https://www.npmjs.com/package/skewa
spexi,5,classical,"Classical or cross-language root for seeing, testing, or judging",3,available,available,,available,,available,https://crates.io/crates/spexi,https://packages.debian.org/search?keywords=spexi&searchon=names&suite=all&section=all,https://formulae.brew.sh/search?q=spexi,https://www.npmjs.com/package/spexi
ackra,5,coined-quality,Coined around quality gates and approval,2,available,available,,available,,available,https://crates.io/crates/ackra,https://packages.debian.org/search?keywords=ackra&searchon=names&suite=all&section=all,https://formulae.brew.sh/search?q=ackra,https://www.npmjs.com/package/ackra
ackro,5,coined-quality,Coined around quality gates and approval,2,available,available,,available,,available,https://crates.io/crates/ackro,https://packages.debian.org/search?keywords=ackro&searchon=names&suite=all&section=all,https://formulae.brew.sh/search?q=ackro,https://www.npmjs.com/package/ackro
ancor,5,coined-anchor,"Coined from moor, anchor, bind, or rivet",2,available,available,,available,,available,https://crates.io/crates/ancor,https://packages.debian.org/search?keywords=ancor&searchon=names&suite=all&section=all,https://formulae.brew.sh/search?q=ancor,https://www.npmjs.com/package/ancor
ancra,5,coined-anchor,"Coined from moor, anchor, bind, or rivet",2,available,available,,available,,available,https://crates.io/crates/ancra,https://packages.debian.org/search?keywords=ancra&searchon=names&suite=all&section=all,https://formulae.brew.sh/search?q=ancra,https://www.npmjs.com/package/ancra
ancro,5,coined-anchor,"Coined from moor, anchor, bind, or rivet",2,available,available,,available,,available,https://crates.io/crates/ancro,https://packages.debian.org/search?keywords=ancro&searchon=names&suite=all&section=all,https://formulae.brew.sh/search?q=ancro,https://www.npmjs.com/package/ancro
ankio,5,coined-anchor,"Coined from moor, anchor, bind, or rivet",2,available,available,,available,,available,https://crates.io/crates/ankio,https://packages.debian.org/search?keywords=ankio&searchon=names&suite=all&section=all,https://formulae.brew.sh/search?q=ankio,https://www.npmjs.com/package/ankio
ankra,5,coined-anchor,"Coined from moor, anchor, bind, or rivet",2,available,available,,available,,available,https://crates.io/crates/ankra,https://packages.debian.org/search?keywords=ankra&searchon=names&suite=all&section=all,https://formulae.brew.sh/search?q=ankra,https://www.npmjs.com/package/ankra
ankri,5,coined-anchor,"Coined from moor, anchor, bind, or rivet",2,available,available,,available,,available,https://crates.io/crates/ankri,https://packages.debian.org/search?keywords=ankri&searchon=names&suite=all&section=all,https://formulae.brew.sh/search?q=ankri,https://www.npmjs.com/package/ankri
ankry,5,coined-anchor,"Coined from moor, anchor, bind, or rivet",2,available,available,,available,,available,https://crates.io/crates/ankry,https://packages.debian.org/search?keywords=ankry&searchon=names&suite=all&section=all,https://formulae.brew.sh/search?q=ankry,https://www.npmjs.com/package/ankry
annox,5,coined-notes,"Coined from note, mark, or annotation",2,available,available,,available,,available,https://crates.io/crates/annox,https://packages.debian.org/search?keywords=annox&searchon=names&suite=all&section=all,https://formulae.brew.sh/search?q=annox,https://www.npmjs.com/package/annox
anota,5,coined-notes,"Coined from note, mark, or annotation",2,available,available,,available,,available,https://crates.io/crates/anota,https://packages.debian.org/search?keywords=anota&searchon=names&suite=all&section=all,https://formulae.brew.sh/search?q=anota,https://www.npmjs.com/package/anota
anoti,5,coined-notes,"Coined from note, mark, or annotation",2,available,available,,available,,available,https://crates.io/crates/anoti,https://packages.debian.org/search?keywords=anoti&searchon=names&suite=all&section=all,https://formulae.brew.sh/search?q=anoti,https://www.npmjs.com/package/anoti
anoto,5,coined-notes,"Coined from note, mark, or annotation",2,available,available,,available,,available,https://crates.io/crates/anoto,https://packages.debian.org/search?keywords=anoto&searchon=names&suite=all&section=all,https://formulae.brew.sh/search?q=anoto,https://www.npmjs.com/package/anoto
antro,5,coined-notes,"Coined from note, mark, or annotation",2,available,available,,available,,available,https://crates.io/crates/antro,https://packages.debian.org/search?keywords=antro&searchon=names&suite=all&section=all,https://formulae.brew.sh/search?q=antro,https://www.npmjs.com/package/antro
asaio,5,coined-checking,Coined from check/test/assay,2,available,available,,available,,available,https://crates.io/crates/asaio,https://packages.debian.org/search?keywords=asaio&searchon=names&suite=all&section=all,https://formulae.brew.sh/search?q=asaio,https://www.npmjs.com/package/asaio
asay,4,coined-checking,Coined from check/test/assay,2,available,available,,available,,available,https://crates.io/crates/asay,https://packages.debian.org/search?keywords=asay&searchon=names&suite=all&section=all,https://formulae.brew.sh/search?q=asay,https://www.npmjs.com/package/asay
asaya,5,coined-checking,Coined from check/test/assay,2,available,available,,available,,available,https://crates.io/crates/asaya,https://packages.debian.org/search?keywords=asaya&searchon=names&suite=all&section=all,https://formulae.brew.sh/search?q=asaya,https://www.npmjs.com/package/asaya
asayo,5,coined-checking,Coined from check/test/assay,2,available,available,,available,,available,https://crates.io/crates/asayo,https://packages.debian.org/search?keywords=asayo&searchon=names&suite=all&section=all,https://formulae.brew.sh/search?q=asayo,https://www.npmjs.com/package/asayo
ausc,4,diagnosis,"Diagnosis, observability, or health-check metaphor",2,available,available,,available,,available,https://crates.io/crates/ausc,https://packages.debian.org/search?keywords=ausc&searchon=names&suite=all&section=all,https://formulae.brew.sh/search?q=ausc,https://www.npmjs.com/package/ausc
cheka,5,coined-checking,Coined from check/test/assay,2,available,available,,available,,available,https://crates.io/crates/cheka,https://packages.debian.org/search?keywords=cheka&searchon=names&suite=all&section=all,https://formulae.brew.sh/search?q=cheka,https://www.npmjs.com/package/cheka
cheko,5,coined-checking,Coined from check/test/assay,2,available,available,,available,,available,https://crates.io/crates/cheko,https://packages.debian.org/search?keywords=cheko&searchon=names&suite=all&section=all,https://formulae.brew.sh/search?q=cheko,https://www.npmjs.com/package/cheko
chekr,5,coined-checking,Coined from check/test/assay,2,available,available,,available,,available,https://crates.io/crates/chekr,https://packages.debian.org/search?keywords=chekr&searchon=names&suite=all&section=all,https://formulae.brew.sh/search?q=chekr,https://www.npmjs.com/package/chekr
cheku,5,coined-checking,Coined from check/test/assay,2,available,available,,available,,available,https://crates.io/crates/cheku,https://packages.debian.org/search?keywords=cheku&searchon=names&suite=all&section=all,https://formulae.brew.sh/search?q=cheku,https://www.npmjs.com/package/cheku
chekz,5,coined-checking,Coined from check/test/assay,2,available,available,,available,,available,https://crates.io/crates/chekz,https://packages.debian.org/search?keywords=chekz&searchon=names&suite=all&section=all,https://formulae.brew.sh/search?q=chekz,https://www.npmjs.com/package/chekz
cheqa,5,coined-checking,Coined from check/test/assay,2,available,available,,available,,available,https://crates.io/crates/cheqa,https://packages.debian.org/search?keywords=cheqa&searchon=names&suite=all&section=all,https://formulae.brew.sh/search?q=cheqa,https://www.npmjs.com/package/cheqa
cheqi,5,coined-checking,Coined from check/test/assay,2,available,available,,available,,available,https://crates.io/crates/cheqi,https://packages.debian.org/search?keywords=cheqi&searchon=names&suite=all&section=all,https://formulae.brew.sh/search?q=cheqi,https://www.npmjs.com/package/cheqi
cheqo,5,coined-checking,Coined from check/test/assay,2,available,available,,available,,available,https://crates.io/crates/cheqo,https://packages.debian.org/search?keywords=cheqo&searchon=names&suite=all&section=all,https://formulae.brew.sh/search?q=cheqo,https://www.npmjs.com/package/cheqo
cheqx,5,coined-checking,Coined from check/test/assay,2,available,available,,available,,available,https://crates.io/crates/cheqx,https://packages.debian.org/search?keywords=cheqx&searchon=names&suite=all&section=all,https://formulae.brew.sh/search?q=cheqx,https://www.npmjs.com/package/cheqx
cheqy,5,coined-checking,Coined from check/test/assay,2,available,available,,available,,available,https://crates.io/crates/cheqy,https://packages.debian.org/search?keywords=cheqy&searchon=names&suite=all&section=all,https://formulae.brew.sh/search?q=cheqy,https://www.npmjs.com/package/cheqy
chkio,5,coined-checking,Coined from check/test/assay,2,available,available,,available,,available,https://crates.io/crates/chkio,https://packages.debian.org/search?keywords=chkio&searchon=names&suite=all&section=all,https://formulae.brew.sh/search?q=chkio,https://www.npmjs.com/package/chkio
chkup,5,coined-checking,Coined from check/test/assay,2,available,available,,available,,available,https://crates.io/crates/chkup,https://packages.debian.org/search?keywords=chkup&searchon=names&suite=all&section=all,https://formulae.brew.sh/search?q=chkup,https://www.npmjs.com/package/chkup
crino,5,coined-critique,Coined from critique/critic,2,available,available,,available,,available,https://crates.io/crates/crino,https://packages.debian.org/search?keywords=crino&searchon=names&suite=all&section=all,https://formulae.brew.sh/search?q=crino,https://www.npmjs.com/package/crino
crint,5,coined-critique,Coined from critique/critic,2,available,available,,available,,available,https://crates.io/crates/crint,https://packages.debian.org/search?keywords=crint&searchon=names&suite=all&section=all,https://formulae.brew.sh/search?q=crint,https://www.npmjs.com/package/crint
criqa,5,coined-critique,Coined from critique/critic,2,available,available,,available,,available,https://crates.io/crates/criqa,https://packages.debian.org/search?keywords=criqa&searchon=names&suite=all&section=all,https://formulae.brew.sh/search?q=criqa,https://www.npmjs.com/package/criqa
criqi,5,coined-critique,Coined from critique/critic,2,available,available,,available,,available,https://crates.io/crates/criqi,https://packages.debian.org/search?keywords=criqi&searchon=names&suite=all&section=all,https://formulae.brew.sh/search?q=criqi,https://www.npmjs.com/package/criqi
criqo,5,coined-critique,Coined from critique/critic,2,available,available,,available,,available,https://crates.io/crates/criqo,https://packages.debian.org/search?keywords=criqo&searchon=names&suite=all&section=all,https://formulae.brew.sh/search?q=criqo,https://www.npmjs.com/package/criqo
crita,5,coined-critique,Coined from critique/critic,2,available,available,,available,,available,https://crates.io/crates/crita,https://packages.debian.org/search?keywords=crita&searchon=names&suite=all&section=all,https://formulae.brew.sh/search?q=crita,https://www.npmjs.com/package/crita
criti,5,coined-critique,Coined from critique/critic,2,available,available,,available,,available,https://crates.io/crates/criti,https://packages.debian.org/search?keywords=criti&searchon=names&suite=all&section=all,https://formulae.brew.sh/search?q=criti,https://www.npmjs.com/package/criti
crito,5,coined-critique,Coined from critique/critic,2,available,available,,available,,available,https://crates.io/crates/crito,https://packages.debian.org/search?keywords=crito&searchon=names&suite=all&section=all,https://formulae.brew.sh/search?q=crito,https://www.npmjs.com/package/crito
critq,5,coined-critique,Coined from critique/critic,2,available,available,,available,,available,https://crates.io/crates/critq,https://packages.debian.org/search?keywords=critq&searchon=names&suite=all&section=all,https://formulae.brew.sh/search?q=critq,https://www.npmjs.com/package/critq
critx,5,coined-critique,Coined from critique/critic,2,available,available,,available,,available,https://crates.io/crates/critx,https://packages.debian.org/search?keywords=critx&searchon=names&suite=all&section=all,https://formulae.brew.sh/search?q=critx,https://www.npmjs.com/package/critx
criva,5,coined-critique,Coined from critique/critic,2,available,available,,available,,available,https://crates.io/crates/criva,https://packages.debian.org/search?keywords=criva&searchon=names&suite=all&section=all,https://formulae.brew.sh/search?q=criva,https://www.npmjs.com/package/criva
crive,5,coined-critique,Coined from critique/critic,2,available,available,,available,,available,https://crates.io/crates/crive,https://packages.debian.org/search?keywords=crive&searchon=names&suite=all&section=all,https://formulae.brew.sh/search?q=crive,https://www.npmjs.com/package/crive
crivr,5,coined-critique,Coined from critique/critic,2,available,available,,available,,available,https://crates.io/crates/crivr,https://packages.debian.org/search?keywords=crivr&searchon=names&suite=all&section=all,https://formulae.brew.sh/search?q=crivr,https://www.npmjs.com/package/crivr
crivu,5,coined-critique,Coined from critique/critic,2,available,available,,available,,available,https://crates.io/crates/crivu,https://packages.debian.org/search?keywords=crivu&searchon=names&suite=all&section=all,https://formulae.brew.sh/search?q=crivu,https://www.npmjs.com/package/crivu
crivy,5,coined-critique,Coined from critique/critic,2,available,available,,available,,available,https://crates.io/crates/crivy,https://packages.debian.org/search?keywords=crivy&searchon=names&suite=all&section=all,https://formulae.brew.sh/search?q=crivy,https://www.npmjs.com/package/crivy
cruxa,5,coined-critique,Coined from critique/critic,2,available,available,,available,,available,https://crates.io/crates/cruxa,https://packages.debian.org/search?keywords=cruxa&searchon=names&suite=all&section=all,https://formulae.brew.sh/search?q=cruxa,https://www.npmjs.com/package/cruxa
cruxo,5,coined-critique,Coined from critique/critic,2,available,available,,available,,available,https://crates.io/crates/cruxo,https://packages.debian.org/search?keywords=cruxo&searchon=names&suite=all&section=all,https://formulae.brew.sh/search?q=cruxo,https://www.npmjs.com/package/cruxo
difex,5,coined-diff,"Coined from diff, hunk, patch, or merge",2,available,available,,available,,available,https://crates.io/crates/difex,https://packages.debian.org/search?keywords=difex&searchon=names&suite=all&section=all,https://formulae.brew.sh/search?q=difex,https://www.npmjs.com/package/difex
diffa,5,coined-diff,"Coined from diff, hunk, patch, or merge",2,available,available,,available,,available,https://crates.io/crates/diffa,https://packages.debian.org/search?keywords=diffa&searchon=names&suite=all&section=all,https://formulae.brew.sh/search?q=diffa,https://www.npmjs.com/package/diffa
difio,5,coined-diff,"Coined from diff, hunk, patch, or merge",2,available,available,,available,,available,https://crates.io/crates/difio,https://packages.debian.org/search?keywords=difio&searchon=names&suite=all&section=all,https://formulae.brew.sh/search?q=difio,https://www.npmjs.com/package/difio
difix,5,coined-diff,"Coined from diff, hunk, patch, or merge",2,available,available,,available,,available,https://crates.io/crates/difix,https://packages.debian.org/search?keywords=difix&searchon=names&suite=all&section=all,https://formulae.brew.sh/search?q=difix,https://www.npmjs.com/package/difix
difly,5,coined-diff,"Coined from diff, hunk, patch, or merge",2,available,available,,available,,available,https://crates.io/crates/difly,https://packages.debian.org/search?keywords=difly&searchon=names&suite=all&section=all,https://formulae.brew.sh/search?q=difly,https://www.npmjs.com/package/difly
difra,5,coined-diff,"Coined from diff, hunk, patch, or merge",2,available,available,,available,,available,https://crates.io/crates/difra,https://packages.debian.org/search?keywords=difra&searchon=names&suite=all&section=all,https://formulae.brew.sh/search?q=difra,https://www.npmjs.com/package/difra
difro,5,coined-diff,"Coined from diff, hunk, patch, or merge",2,available,available,,available,,available,https://crates.io/crates/difro,https://packages.debian.org/search?keywords=difro&searchon=names&suite=all&section=all,https://formulae.brew.sh/search?q=difro,https://www.npmjs.com/package/difro
diftr,5,coined-diff,"Coined from diff, hunk, patch, or merge",2,available,available,,available,,available,https://crates.io/crates/diftr,https://packages.debian.org/search?keywords=diftr&searchon=names&suite=all&section=all,https://formulae.brew.sh/search?q=diftr,https://www.npmjs.com/package/diftr
docko,5,coined-shipping,"Coined from ship, dock, quay, or readiness",2,available,available,,available,,available,https://crates.io/crates/docko,https://packages.debian.org/search?keywords=docko&searchon=names&suite=all&section=all,https://formulae.brew.sh/search?q=docko,https://www.npmjs.com/package/docko
dokra,5,coined-shipping,"Coined from ship, dock, quay, or readiness",2,available,available,,available,,available,https://crates.io/crates/dokra,https://packages.debian.org/search?keywords=dokra&searchon=names&suite=all&section=all,https://formulae.brew.sh/search?q=dokra,https://www.npmjs.com/package/dokra
dokro,5,coined-shipping,"Coined from ship, dock, quay, or readiness",2,available,available,,available,,available,https://crates.io/crates/dokro,https://packages.debian.org/search?keywords=dokro&searchon=names&suite=all&section=all,https://formulae.brew.sh/search?q=dokro,https://www.npmjs.com/package/dokro
essae,5,coined-checking,Coined from check/test/assay,2,available,available,,available,,available,https://crates.io/crates/essae,https://packages.debian.org/search?keywords=essae&searchon=names&suite=all&section=all,https://formulae.brew.sh/search?q=essae,https://www.npmjs.com/package/essae
expoa,5,coined-cooking,"Coined from taste, proof, mise, or the pass",2,available,available,,available,,available,https://crates.io/crates/expoa,https://packages.debian.org/search?keywords=expoa&searchon=names&suite=all&section=all,https://formulae.brew.sh/search?q=expoa,https://www.npmjs.com/package/expoa
expoo,5,coined-cooking,"Coined from taste, proof, mise, or the pass",2,available,available,,available,,available,https://crates.io/crates/expoo,https://packages.debian.org/search?keywords=expoo&searchon=names&suite=all&section=all,https://formulae.brew.sh/search?q=expoo,https://www.npmjs.com/package/expoo
expor,5,coined-cooking,"Coined from taste, proof, mise, or the pass",2,available,available,,available,,available,https://crates.io/crates/expor,https://packages.debian.org/search?keywords=expor&searchon=names&suite=all&section=all,https://formulae.brew.sh/search?q=expor,https://www.npmjs.com/package/expor
fita,4,coined-craft,"Coined from forge, hone, fit, or making",2,available,available,,available,,available,https://crates.io/crates/fita,https://packages.debian.org/search?keywords=fita&searchon=names&suite=all&section=all,https://formulae.brew.sh/search?q=fita,https://www.npmjs.com/package/fita
fiti,4,coined-craft,"Coined from forge, hone, fit, or making",2,available,available,,available,,available,https://crates.io/crates/fiti,https://packages.debian.org/search?keywords=fiti&searchon=names&suite=all&section=all,https://formulae.brew.sh/search?q=fiti,https://www.npmjs.com/package/fiti
fitly,5,coined-craft,"Coined from forge, hone, fit, or making",2,available,available,,available,,available,https://crates.io/crates/fitly,https://packages.debian.org/search?keywords=fitly&searchon=names&suite=all&section=all,https://formulae.brew.sh/search?q=fitly,https://www.npmjs.com/package/fitly
fitra,5,coined-craft,"Coined from forge, hone, fit, or making",2,available,available,,available,,available,https://crates.io/crates/fitra,https://packages.debian.org/search?keywords=fitra&searchon=names&suite=all&section=all,https://formulae.brew.sh/search?q=fitra,https://www.npmjs.com/package/fitra
fitro,5,coined-craft,"Coined from forge, hone, fit, or making",2,available,available,,available,,available,https://crates.io/crates/fitro,https://packages.debian.org/search?keywords=fitro&searchon=names&suite=all&section=all,https://formulae.brew.sh/search?q=fitro,https://www.npmjs.com/package/fitro
fixly,5,coined-craft,"Coined from forge, hone, fit, or making",2,available,available,,available,,available,https://crates.io/crates/fixly,https://packages.debian.org/search?keywords=fixly&searchon=names&suite=all&section=all,https://formulae.brew.sh/search?q=fixly,https://www.npmjs.com/package/fixly
fixra,5,coined-craft,"Coined from forge, hone, fit, or making",2,available,available,,available,,available,https://crates.io/crates/fixra,https://packages.debian.org/search?keywords=fixra&searchon=names&suite=all&section=all,https://formulae.brew.sh/search?q=fixra,https://www.npmjs.com/package/fixra
fixro,5,coined-craft,"Coined from forge, hone, fit, or making",2,available,available,,available,,available,https://crates.io/crates/fixro,https://packages.debian.org/search?keywords=fixro&searchon=names&suite=all&section=all,https://formulae.brew.sh/search?q=fixro,https://www.npmjs.com/package/fixro
forga,5,coined-craft,"Coined from forge, hone, fit, or making",2,available,available,,available,,available,https://crates.io/crates/forga,https://packages.debian.org/search?keywords=forga&searchon=names&suite=all&section=all,https://formulae.brew.sh/search?q=forga,https://www.npmjs.com/package/forga
forgx,5,coined-craft,"Coined from forge, hone, fit, or making",2,available,available,,available,,available,https://crates.io/crates/forgx,https://packages.debian.org/search?keywords=forgx&searchon=names&suite=all&section=all,https://formulae.brew.sh/search?q=forgx,https://www.npmjs.com/package/forgx
forjo,5,coined-craft,"Coined from forge, hone, fit, or making",2,available,available,,available,,available,https://crates.io/crates/forjo,https://packages.debian.org/search?keywords=forjo&searchon=names&suite=all&section=all,https://formulae.brew.sh/search?q=forjo,https://www.npmjs.com/package/forjo
gazea,5,coined-seeing,Coined from view/look/lens/gaze,2,available,available,,available,,available,https://crates.io/crates/gazea,https://packages.debian.org/search?keywords=gazea&searchon=names&suite=all&section=all,https://formulae.brew.sh/search?q=gazea,https://www.npmjs.com/package/gazea
gazio,5,coined-seeing,Coined from view/look/lens/gaze,2,available,available,,available,,available,https://crates.io/crates/gazio,https://packages.debian.org/search?keywords=gazio&searchon=names&suite=all&section=all,https://formulae.brew.sh/search?q=gazio,https://www.npmjs.com/package/gazio
grada,5,coined-quality,Coined around quality gates and approval,2,available,available,,available,,available,https://crates.io/crates/grada,https://packages.debian.org/search?keywords=grada&searchon=names&suite=all&section=all,https://formulae.brew.sh/search?q=grada,https://www.npmjs.com/package/grada
gradi,5,coined-quality,Coined around quality gates and approval,2,available,available,,available,,available,https://crates.io/crates/gradi,https://packages.debian.org/search?keywords=gradi&searchon=names&suite=all&section=all,https://formulae.brew.sh/search?q=gradi,https://www.npmjs.com/package/gradi
grado,5,coined-quality,Coined around quality gates and approval,2,available,available,,available,,available,https://crates.io/crates/grado,https://packages.debian.org/search?keywords=grado&searchon=names&suite=all&section=all,https://formulae.brew.sh/search?q=grado,https://www.npmjs.com/package/grado
gradx,5,coined-quality,Coined around quality gates and approval,2,available,available,,available,,available,https://crates.io/crates/gradx,https://packages.debian.org/search?keywords=gradx&searchon=names&suite=all&section=all,https://formulae.brew.sh/search?q=gradx,https://www.npmjs.com/package/gradx
helmi,5,coined-shipping,"Coined from ship, dock, quay, or readiness",2,available,available,,available,,available,https://crates.io/crates/helmi,https://packages.debian.org/search?keywords=helmi&searchon=names&suite=all&section=all,https://formulae.brew.sh/search?q=helmi,https://www.npmjs.com/package/helmi
helmo,5,coined-shipping,"Coined from ship, dock, quay, or readiness",2,available,available,,available,,available,https://crates.io/crates/helmo,https://packages.debian.org/search?keywords=helmo&searchon=names&suite=all&section=all,https://formulae.brew.sh/search?q=helmo,https://www.npmjs.com/package/helmo
helmr,5,coined-shipping,"Coined from ship, dock, quay, or readiness",2,available,available,,available,,available,https://crates.io/crates/helmr,https://packages.debian.org/search?keywords=helmr&searchon=names&suite=all&section=all,https://formulae.brew.sh/search?q=helmr,https://www.npmjs.com/package/helmr
helmy,5,coined-shipping,"Coined from ship, dock, quay, or readiness",2,available,available,,available,,available,https://crates.io/crates/helmy,https://packages.debian.org/search?keywords=helmy&searchon=names&suite=all&section=all,https://formulae.brew.sh/search?q=helmy,https://www.npmjs.com/package/helmy
hona,4,coined-craft,"Coined from forge, hone, fit, or making",2,available,available,,available,,available,https://crates.io/crates/hona,https://packages.debian.org/search?keywords=hona&searchon=names&suite=all&section=all,https://formulae.brew.sh/search?q=hona,https://www.npmjs.com/package/hona
honer,5,coined-craft,"Coined from forge, hone, fit, or making",2,available,available,,available,,available,https://crates.io/crates/honer,https://packages.debian.org/search?keywords=honer&searchon=names&suite=all&section=all,https://formulae.brew.sh/search?q=honer,https://www.npmjs.com/package/honer
honex,5,coined-craft,"Coined from forge, hone, fit, or making",2,available,available,,available,,available,https://crates.io/crates/honex,https://packages.debian.org/search?keywords=honex&searchon=names&suite=all&section=all,https://formulae.brew.sh/search?q=honex,https://www.npmjs.com/package/honex
honi,4,coined-craft,"Coined from forge, hone, fit, or making",2,available,available,,available,,available,https://crates.io/crates/honi,https://packages.debian.org/search?keywords=honi&searchon=names&suite=all&section=all,https://formulae.brew.sh/search?q=honi,https://www.npmjs.com/package/honi
honio,5,coined-craft,"Coined from forge, hone, fit, or making",2,available,available,,available,,available,https://crates.io/crates/honio,https://packages.debian.org/search?keywords=honio&searchon=names&suite=all&section=all,https://formulae.brew.sh/search?q=honio,https://www.npmjs.com/package/honio
hony,4,coined-craft,"Coined from forge, hone, fit, or making",2,available,available,,available,,available,https://crates.io/crates/hony,https://packages.debian.org/search?keywords=hony&searchon=names&suite=all&section=all,https://formulae.brew.sh/search?q=hony,https://www.npmjs.com/package/hony
hunio,5,coined-diff,"Coined from diff, hunk, patch, or merge",2,available,available,,available,,available,https://crates.io/crates/hunio,https://packages.debian.org/search?keywords=hunio&searchon=names&suite=all&section=all,https://formulae.brew.sh/search?q=hunio,https://www.npmjs.com/package/hunio
hunka,5,coined-diff,"Coined from diff, hunk, patch, or merge",2,available,available,,available,,available,https://crates.io/crates/hunka,https://packages.debian.org/search?keywords=hunka&searchon=names&suite=all&section=all,https://formulae.brew.sh/search?q=hunka,https://www.npmjs.com/package/hunka
hunki,5,coined-diff,"Coined from diff, hunk, patch, or merge",2,available,available,,available,,available,https://crates.io/crates/hunki,https://packages.debian.org/search?keywords=hunki&searchon=names&suite=all&section=all,https://formulae.brew.sh/search?q=hunki,https://www.npmjs.com/package/hunki
hunko,5,coined-diff,"Coined from diff, hunk, patch, or merge",2,available,available,,available,,available,https://crates.io/crates/hunko,https://packages.debian.org/search?keywords=hunko&searchon=names&suite=all&section=all,https://formulae.brew.sh/search?q=hunko,https://www.npmjs.com/package/hunko
hunks,5,code,"Code review, diffs, patches, or Git objects",2,available,available,,available,,available,https://crates.io/crates/hunks,https://packages.debian.org/search?keywords=hunks&searchon=names&suite=all&section=all,https://formulae.brew.sh/search?q=hunks,https://www.npmjs.com/package/hunks
insee,5,coined-inspection,Coined from inspect/spec/scope,2,available,available,,available,,available,https://crates.io/crates/insee,https://packages.debian.org/search?keywords=insee&searchon=names&suite=all&section=all,https://formulae.brew.sh/search?q=insee,https://www.npmjs.com/package/insee
insek,5,coined-inspection,Coined from inspect/spec/scope,2,available,available,,available,,available,https://crates.io/crates/insek,https://packages.debian.org/search?keywords=insek&searchon=names&suite=all&section=all,https://formulae.brew.sh/search?q=insek,https://www.npmjs.com/package/insek
inspe,5,coined-inspection,Coined from inspect/spec/scope,2,available,available,,available,,available,https://crates.io/crates/inspe,https://packages.debian.org/search?keywords=inspe&searchon=names&suite=all&section=all,https://formulae.brew.sh/search?q=inspe,https://www.npmjs.com/package/inspe
inspi,5,coined-inspection,Coined from inspect/spec/scope,2,available,available,,available,,available,https://crates.io/crates/inspi,https://packages.debian.org/search?keywords=inspi&searchon=names&suite=all&section=all,https://formulae.brew.sh/search?q=inspi,https://www.npmjs.com/package/inspi
inspy,5,coined-inspection,Coined from inspect/spec/scope,2,available,available,,available,,available,https://crates.io/crates/inspy,https://packages.debian.org/search?keywords=inspy&searchon=names&suite=all&section=all,https://formulae.brew.sh/search?q=inspy,https://www.npmjs.com/package/inspy
jigra,5,coined-craft,"Coined from forge, hone, fit, or making",2,available,available,,available,,available,https://crates.io/crates/jigra,https://packages.debian.org/search?keywords=jigra&searchon=names&suite=all&section=all,https://formulae.brew.sh/search?q=jigra,https://www.npmjs.com/package/jigra
jigro,5,coined-craft,"Coined from forge, hone, fit, or making",2,available,available,,available,,available,https://crates.io/crates/jigro,https://packages.debian.org/search?keywords=jigro&searchon=names&suite=all&section=all,https://formulae.brew.sh/search?q=jigro,https://www.npmjs.com/package/jigro
kedga,5,coined-shipping,"Coined from ship, dock, quay, or readiness",2,available,available,,available,,available,https://crates.io/crates/kedga,https://packages.debian.org/search?keywords=kedga&searchon=names&suite=all&section=all,https://formulae.brew.sh/search?q=kedga,https://www.npmjs.com/package/kedga
kedgo,5,coined-shipping,"Coined from ship, dock, quay, or readiness",2,available,available,,available,,available,https://crates.io/crates/kedgo,https://packages.debian.org/search?keywords=kedgo&searchon=names&suite=all&section=all,https://formulae.brew.sh/search?q=kedgo,https://www.npmjs.com/package/kedgo
keyda,5,coined-shipping,"Coined from ship, dock, quay, or readiness",2,available,available,,available,,available,https://crates.io/crates/keyda,https://packages.debian.org/search?keywords=keyda&searchon=names&suite=all&section=all,https://formulae.brew.sh/search?q=keyda,https://www.npmjs.com/package/keyda
kritq,5,coined-critique,Coined from critique/critic,2,available,available,,available,,available,https://crates.io/crates/kritq,https://packages.debian.org/search?keywords=kritq&searchon=names&suite=all&section=all,https://formulae.brew.sh/search?q=kritq,https://www.npmjs.com/package/kritq
krity,5,coined-critique,Coined from critique/critic,2,available,available,,available,,available,https://crates.io/crates/krity,https://packages.debian.org/search?keywords=krity&searchon=names&suite=all&section=all,https://formulae.brew.sh/search?q=krity,https://www.npmjs.com/package/krity
krivo,5,coined-critique,Coined from critique/critic,2,available,available,,available,,available,https://crates.io/crates/krivo,https://packages.debian.org/search?keywords=krivo&searchon=names&suite=all&section=all,https://formulae.brew.sh/search?q=krivo,https://www.npmjs.com/package/krivo
lensa,5,coined-seeing,Coined from view/look/lens/gaze,2,available,available,,available,,available,https://crates.io/crates/lensa,https://packages.debian.org/search?keywords=lensa&searchon=names&suite=all&section=all,https://formulae.brew.sh/search?q=lensa,https://www.npmjs.com/package/lensa
lensi,5,coined-seeing,Coined from view/look/lens/gaze,2,available,available,,available,,available,https://crates.io/crates/lensi,https://packages.debian.org/search?keywords=lensi&searchon=names&suite=all&section=all,https://formulae.brew.sh/search?q=lensi,https://www.npmjs.com/package/lensi
lensr,5,coined-seeing,Coined from view/look/lens/gaze,2,available,available,,available,,available,https://crates.io/crates/lensr,https://packages.debian.org/search?keywords=lensr&searchon=names&suite=all&section=all,https://formulae.brew.sh/search?q=lensr,https://www.npmjs.com/package/lensr
lensy,5,coined-seeing,Coined from view/look/lens/gaze,2,available,available,,available,,available,https://crates.io/crates/lensy,https://packages.debian.org/search?keywords=lensy&searchon=names&suite=all&section=all,https://formulae.brew.sh/search?q=lensy,https://www.npmjs.com/package/lensy
lokra,5,coined-seeing,Coined from view/look/lens/gaze,2,available,available,,available,,available,https://crates.io/crates/lokra,https://packages.debian.org/search?keywords=lokra&searchon=names&suite=all&section=all,https://formulae.brew.sh/search?q=lokra,https://www.npmjs.com/package/lokra
lokro,5,coined-seeing,Coined from view/look/lens/gaze,2,available,available,,available,,available,https://crates.io/crates/lokro,https://packages.debian.org/search?keywords=lokro&searchon=names&suite=all&section=all,https://formulae.brew.sh/search?q=lokro,https://www.npmjs.com/package/lokro
loku,4,coined-seeing,Coined from view/look/lens/gaze,2,available,available,,available,,available,https://crates.io/crates/loku,https://packages.debian.org/search?keywords=loku&searchon=names&suite=all&section=all,https://formulae.brew.sh/search?q=loku,https://www.npmjs.com/package/loku
looka,5,coined-seeing,Coined from view/look/lens/gaze,2,available,available,,available,,available,https://crates.io/crates/looka,https://packages.debian.org/search?keywords=looka&searchon=names&suite=all&section=all,https://formulae.brew.sh/search?q=looka,https://www.npmjs.com/package/looka
looki,5,coined-seeing,Coined from view/look/lens/gaze,2,available,available,,available,,available,https://crates.io/crates/looki,https://packages.debian.org/search?keywords=looki&searchon=names&suite=all&section=all,https://formulae.brew.sh/search?q=looki,https://www.npmjs.com/package/looki
looko,5,coined-seeing,Coined from view/look/lens/gaze,2,available,available,,available,,available,https://crates.io/crates/looko,https://packages.debian.org/search?keywords=looko&searchon=names&suite=all&section=all,https://formulae.brew.sh/search?q=looko,https://www.npmjs.com/package/looko
makio,5,coined-craft,"Coined from forge, hone, fit, or making",2,available,available,,available,,available,https://crates.io/crates/makio,https://packages.debian.org/search?keywords=makio&searchon=names&suite=all&section=all,https://formulae.brew.sh/search?q=makio,https://www.npmjs.com/package/makio
marqa,5,coined-notes,"Coined from note, mark, or annotation",2,available,available,,available,,available,https://crates.io/crates/marqa,https://packages.debian.org/search?keywords=marqa&searchon=names&suite=all&section=all,https://formulae.brew.sh/search?q=marqa,https://www.npmjs.com/package/marqa
marqi,5,coined-notes,"Coined from note, mark, or annotation",2,available,available,,available,,available,https://crates.io/crates/marqi,https://packages.debian.org/search?keywords=marqi&searchon=names&suite=all&section=all,https://formulae.brew.sh/search?q=marqi,https://www.npmjs.com/package/marqi
merga,5,coined-diff,"Coined from diff, hunk, patch, or merge",2,available,available,,available,,available,https://crates.io/crates/merga,https://packages.debian.org/search?keywords=merga&searchon=names&suite=all&section=all,https://formulae.brew.sh/search?q=merga,https://www.npmjs.com/package/merga
mergi,5,coined-diff,"Coined from diff, hunk, patch, or merge",2,available,available,,available,,available,https://crates.io/crates/mergi,https://packages.debian.org/search?keywords=mergi&searchon=names&suite=all&section=all,https://formulae.brew.sh/search?q=mergi,https://www.npmjs.com/package/mergi
mergo,5,coined-diff,"Coined from diff, hunk, patch, or merge",2,available,available,,available,,available,https://crates.io/crates/mergo,https://packages.debian.org/search?keywords=mergo&searchon=names&suite=all&section=all,https://formulae.brew.sh/search?q=mergo,https://www.npmjs.com/package/mergo
mergr,5,coined-diff,"Coined from diff, hunk, patch, or merge",2,available,available,,available,,available,https://crates.io/crates/mergr,https://packages.debian.org/search?keywords=mergr&searchon=names&suite=all&section=all,https://formulae.brew.sh/search?q=mergr,https://www.npmjs.com/package/mergr
mergx,5,coined-diff,"Coined from diff, hunk, patch, or merge",2,available,available,,available,,available,https://crates.io/crates/mergx,https://packages.debian.org/search?keywords=mergx&searchon=names&suite=all&section=all,https://formulae.brew.sh/search?q=mergx,https://www.npmjs.com/package/mergx
merio,5,coined-diff,"Coined from diff, hunk, patch, or merge",2,available,available,,available,,available,https://crates.io/crates/merio,https://packages.debian.org/search?keywords=merio&searchon=names&suite=all&section=all,https://formulae.brew.sh/search?q=merio,https://www.npmjs.com/package/merio
merix,5,coined-diff,"Coined from diff, hunk, patch, or merge",2,available,available,,available,,available,https://crates.io/crates/merix,https://packages.debian.org/search?keywords=merix&searchon=names&suite=all&section=all,https://formulae.brew.sh/search?q=merix,https://www.npmjs.com/package/merix
misen,5,coined-cooking,"Coined from taste, proof, mise, or the pass",2,available,available,,available,,available,https://crates.io/crates/misen,https://packages.debian.org/search?keywords=misen&searchon=names&suite=all&section=all,https://formulae.brew.sh/search?q=misen,https://www.npmjs.com/package/misen
misra,5,coined-cooking,"Coined from taste, proof, mise, or the pass",2,available,available,,available,,available,https://crates.io/crates/misra,https://packages.debian.org/search?keywords=misra&searchon=names&suite=all&section=all,https://formulae.brew.sh/search?q=misra,https://www.npmjs.com/package/misra
misro,5,coined-cooking,"Coined from taste, proof, mise, or the pass",2,available,available,,available,,available,https://crates.io/crates/misro,https://packages.debian.org/search?keywords=misro&searchon=names&suite=all&section=all,https://formulae.brew.sh/search?q=misro,https://www.npmjs.com/package/misro
mooro,5,coined-anchor,"Coined from moor, anchor, bind, or rivet",2,available,available,,available,,available,https://crates.io/crates/mooro,https://packages.debian.org/search?keywords=mooro&searchon=names&suite=all&section=all,https://formulae.brew.sh/search?q=mooro,https://www.npmjs.com/package/mooro
morri,5,coined-anchor,"Coined from moor, anchor, bind, or rivet",2,available,available,,available,,available,https://crates.io/crates/morri,https://packages.debian.org/search?keywords=morri&searchon=names&suite=all&section=all,https://formulae.brew.sh/search?q=morri,https://www.npmjs.com/package/morri
morry,5,coined-anchor,"Coined from moor, anchor, bind, or rivet",2,available,available,,available,,available,https://crates.io/crates/morry,https://packages.debian.org/search?keywords=morry&searchon=names&suite=all&section=all,https://formulae.brew.sh/search?q=morry,https://www.npmjs.com/package/morry
notio,5,coined-notes,"Coined from note, mark, or annotation",2,available,available,,available,,available,https://crates.io/crates/notio,https://packages.debian.org/search?keywords=notio&searchon=names&suite=all&section=all,https://formulae.brew.sh/search?q=notio,https://www.npmjs.com/package/notio
notly,5,coined-notes,"Coined from note, mark, or annotation",2,available,available,,available,,available,https://crates.io/crates/notly,https://packages.debian.org/search?keywords=notly&searchon=names&suite=all&section=all,https://formulae.brew.sh/search?q=notly,https://www.npmjs.com/package/notly
notri,5,coined-notes,"Coined from note, mark, or annotation",2,available,available,,available,,available,https://crates.io/crates/notri,https://packages.debian.org/search?keywords=notri&searchon=names&suite=all&section=all,https://formulae.brew.sh/search?q=notri,https://www.npmjs.com/package/notri
notro,5,coined-notes,"Coined from note, mark, or annotation",2,available,available,,available,,available,https://crates.io/crates/notro,https://packages.debian.org/search?keywords=notro&searchon=names&suite=all&section=all,https://formulae.brew.sh/search?q=notro,https://www.npmjs.com/package/notro
notry,5,coined-notes,"Coined from note, mark, or annotation",2,available,available,,available,,available,https://crates.io/crates/notry,https://packages.debian.org/search?keywords=notry&searchon=names&suite=all&section=all,https://formulae.brew.sh/search?q=notry,https://www.npmjs.com/package/notry
notza,5,coined-notes,"Coined from note, mark, or annotation",2,available,available,,available,,available,https://crates.io/crates/notza,https://packages.debian.org/search?keywords=notza&searchon=names&suite=all&section=all,https://formulae.brew.sh/search?q=notza,https://www.npmjs.com/package/notza
notzo,5,coined-notes,"Coined from note, mark, or annotation",2,available,available,,available,,available,https://crates.io/crates/notzo,https://packages.debian.org/search?keywords=notzo&searchon=names&suite=all&section=all,https://formulae.brew.sh/search?q=notzo,https://www.npmjs.com/package/notzo
okaya,5,coined-quality,Coined around quality gates and approval,2,available,available,,available,,available,https://crates.io/crates/okaya,https://packages.debian.org/search?keywords=okaya&searchon=names&suite=all&section=all,https://formulae.brew.sh/search?q=okaya,https://www.npmjs.com/package/okaya
okayo,5,coined-quality,Coined around quality gates and approval,2,available,available,,available,,available,https://crates.io/crates/okayo,https://packages.debian.org/search?keywords=okayo&searchon=names&suite=all&section=all,https://formulae.brew.sh/search?q=okayo,https://www.npmjs.com/package/okayo
okro,4,coined-quality,Coined around quality gates and approval,2,available,available,,available,,available,https://crates.io/crates/okro,https://packages.debian.org/search?keywords=okro&searchon=names&suite=all&section=all,https://formulae.brew.sh/search?q=okro,https://www.npmjs.com/package/okro
passa,5,coined-quality,Coined around quality gates and approval,2,available,available,,available,,available,https://crates.io/crates/passa,https://packages.debian.org/search?keywords=passa&searchon=names&suite=all&section=all,https://formulae.brew.sh/search?q=passa,https://www.npmjs.com/package/passa
passi,5,coined-quality,Coined around quality gates and approval,2,available,available,,available,,available,https://crates.io/crates/passi,https://packages.debian.org/search?keywords=passi&searchon=names&suite=all&section=all,https://formulae.brew.sh/search?q=passi,https://www.npmjs.com/package/passi
patix,5,coined-diff,"Coined from diff, hunk, patch, or merge",2,available,available,,available,,available,https://crates.io/crates/patix,https://packages.debian.org/search?keywords=patix&searchon=names&suite=all&section=all,https://formulae.brew.sh/search?q=patix,https://www.npmjs.com/package/patix
patly,5,coined-diff,"Coined from diff, hunk, patch, or merge",2,available,available,,available,,available,https://crates.io/crates/patly,https://packages.debian.org/search?keywords=patly&searchon=names&suite=all&section=all,https://formulae.brew.sh/search?q=patly,https://www.npmjs.com/package/patly
patri,5,coined-diff,"Coined from diff, hunk, patch, or merge",2,available,available,,available,,available,https://crates.io/crates/patri,https://packages.debian.org/search?keywords=patri&searchon=names&suite=all&section=all,https://formulae.brew.sh/search?q=patri,https://www.npmjs.com/package/patri
patry,5,coined-diff,"Coined from diff, hunk, patch, or merge",2,available,available,,available,,available,https://crates.io/crates/patry,https://packages.debian.org/search?keywords=patry&searchon=names&suite=all&section=all,https://formulae.brew.sh/search?q=patry,https://www.npmjs.com/package/patry
peeka,5,coined-seeing,Coined from view/look/lens/gaze,2,available,available,,available,,available,https://crates.io/crates/peeka,https://packages.debian.org/search?keywords=peeka&searchon=names&suite=all&section=all,https://formulae.brew.sh/search?q=peeka,https://www.npmjs.com/package/peeka
plati,5,coined-cooking,"Coined from taste, proof, mise, or the pass",2,available,available,,available,,available,https://crates.io/crates/plati,https://packages.debian.org/search?keywords=plati&searchon=names&suite=all&section=all,https://formulae.brew.sh/search?q=plati,https://www.npmjs.com/package/plati
platr,5,coined-cooking,"Coined from taste, proof, mise, or the pass",2,available,available,,available,,available,https://crates.io/crates/platr,https://packages.debian.org/search?keywords=platr&searchon=names&suite=all&section=all,https://formulae.brew.sh/search?q=platr,https://www.npmjs.com/package/platr
plumo,5,coined-craft,"Coined from forge, hone, fit, or making",2,available,available,,available,,available,https://crates.io/crates/plumo,https://packages.debian.org/search?keywords=plumo&searchon=names&suite=all&section=all,https://formulae.brew.sh/search?q=plumo,https://www.npmjs.com/package/plumo
probi,5,coined-sifting,"Coined from sift, scan, trace, or probe",2,available,available,,available,,available,https://crates.io/crates/probi,https://packages.debian.org/search?keywords=probi&searchon=names&suite=all&section=all,https://formulae.brew.sh/search?q=probi,https://www.npmjs.com/package/probi
probr,5,coined-sifting,"Coined from sift, scan, trace, or probe",2,available,available,,available,,available,https://crates.io/crates/probr,https://packages.debian.org/search?keywords=probr&searchon=names&suite=all&section=all,https://formulae.brew.sh/search?q=probr,https://www.npmjs.com/package/probr
probu,5,coined-sifting,"Coined from sift, scan, trace, or probe",2,available,available,,available,,available,https://crates.io/crates/probu,https://packages.debian.org/search?keywords=probu&searchon=names&suite=all&section=all,https://formulae.brew.sh/search?q=probu,https://www.npmjs.com/package/probu
probx,5,coined-sifting,"Coined from sift, scan, trace, or probe",2,available,available,,available,,available,https://crates.io/crates/probx,https://packages.debian.org/search?keywords=probx&searchon=names&suite=all&section=all,https://formulae.brew.sh/search?q=probx,https://www.npmjs.com/package/probx
provo,5,coined-vetting,"Coined from vet, proof, or verification",2,available,available,,available,,available,https://crates.io/crates/provo,https://packages.debian.org/search?keywords=provo&searchon=names&suite=all&section=all,https://formulae.brew.sh/search?q=provo,https://www.npmjs.com/package/provo
provu,5,coined-vetting,"Coined from vet, proof, or verification",2,available,available,,available,,available,https://crates.io/crates/provu,https://packages.debian.org/search?keywords=provu&searchon=names&suite=all&section=all,https://formulae.brew.sh/search?q=provu,https://www.npmjs.com/package/provu
provx,5,coined-vetting,"Coined from vet, proof, or verification",2,available,available,,available,,available,https://crates.io/crates/provx,https://packages.debian.org/search?keywords=provx&searchon=names&suite=all&section=all,https://formulae.brew.sh/search?q=provx,https://www.npmjs.com/package/provx
prufa,5,coined-vetting,"Coined from vet, proof, or verification",2,available,available,,available,,available,https://crates.io/crates/prufa,https://packages.debian.org/search?keywords=prufa&searchon=names&suite=all&section=all,https://formulae.brew.sh/search?q=prufa,https://www.npmjs.com/package/prufa
prufi,5,coined-vetting,"Coined from vet, proof, or verification",2,available,available,,available,,available,https://crates.io/crates/prufi,https://packages.debian.org/search?keywords=prufi&searchon=names&suite=all&section=all,https://formulae.brew.sh/search?q=prufi,https://www.npmjs.com/package/prufi
prufo,5,coined-vetting,"Coined from vet, proof, or verification",2,available,available,,available,,available,https://crates.io/crates/prufo,https://packages.debian.org/search?keywords=prufo&searchon=names&suite=all&section=all,https://formulae.brew.sh/search?q=prufo,https://www.npmjs.com/package/prufo
pruv,4,coined-vetting,"Coined from vet, proof, or verification",2,available,available,,available,,available,https://crates.io/crates/pruv,https://packages.debian.org/search?keywords=pruv&searchon=names&suite=all&section=all,https://formulae.brew.sh/search?q=pruv,https://www.npmjs.com/package/pruv
pruva,5,coined-vetting,"Coined from vet, proof, or verification",2,available,available,,available,,available,https://crates.io/crates/pruva,https://packages.debian.org/search?keywords=pruva&searchon=names&suite=all&section=all,https://formulae.brew.sh/search?q=pruva,https://www.npmjs.com/package/pruva
pruvo,5,coined-vetting,"Coined from vet, proof, or verification",2,available,available,,available,,available,https://crates.io/crates/pruvo,https://packages.debian.org/search?keywords=pruvo&searchon=names&suite=all&section=all,https://formulae.brew.sh/search?q=pruvo,https://www.npmjs.com/package/pruvo
pruvy,5,coined-vetting,"Coined from vet, proof, or verification",2,available,available,,available,,available,https://crates.io/crates/pruvy,https://packages.debian.org/search?keywords=pruvy&searchon=names&suite=all&section=all,https://formulae.brew.sh/search?q=pruvy,https://www.npmjs.com/package/pruvy
pulsa,5,coined-sifting,"Coined from sift, scan, trace, or probe",2,available,available,,available,,available,https://crates.io/crates/pulsa,https://packages.debian.org/search?keywords=pulsa&searchon=names&suite=all&section=all,https://formulae.brew.sh/search?q=pulsa,https://www.npmjs.com/package/pulsa
pulsi,5,coined-sifting,"Coined from sift, scan, trace, or probe",2,available,available,,available,,available,https://crates.io/crates/pulsi,https://packages.debian.org/search?keywords=pulsi&searchon=names&suite=all&section=all,https://formulae.brew.sh/search?q=pulsi,https://www.npmjs.com/package/pulsi
qlty,4,coined-quality,Coined around quality gates and approval,2,available,available,,available,,available,https://crates.io/crates/qlty,https://packages.debian.org/search?keywords=qlty&searchon=names&suite=all&section=all,https://formulae.brew.sh/search?q=qlty,https://www.npmjs.com/package/qlty
qltyx,5,coined-quality,Coined around quality gates and approval,2,available,available,,available,,available,https://crates.io/crates/qltyx,https://packages.debian.org/search?keywords=qltyx&searchon=names&suite=all&section=all,https://formulae.brew.sh/search?q=qltyx,https://www.npmjs.com/package/qltyx
quaio,5,coined-shipping,"Coined from ship, dock, quay, or readiness",2,available,available,,available,,available,https://crates.io/crates/quaio,https://packages.debian.org/search?keywords=quaio&searchon=names&suite=all&section=all,https://formulae.brew.sh/search?q=quaio,https://www.npmjs.com/package/quaio
quali,5,coined-quality,Coined around quality gates and approval,2,available,available,,available,,available,https://crates.io/crates/quali,https://packages.debian.org/search?keywords=quali&searchon=names&suite=all&section=all,https://formulae.brew.sh/search?q=quali,https://www.npmjs.com/package/quali
qualo,5,coined-quality,Coined around quality gates and approval,2,available,available,,available,,available,https://crates.io/crates/qualo,https://packages.debian.org/search?keywords=qualo&searchon=names&suite=all&section=all,https://formulae.brew.sh/search?q=qualo,https://www.npmjs.com/package/qualo
qualx,5,coined-quality,Coined around quality gates and approval,2,available,available,,available,,available,https://crates.io/crates/qualx,https://packages.debian.org/search?keywords=qualx&searchon=names&suite=all&section=all,https://formulae.brew.sh/search?q=qualx,https://www.npmjs.com/package/qualx
qualy,5,coined-quality,Coined around quality gates and approval,2,available,available,,available,,available,https://crates.io/crates/qualy,https://packages.debian.org/search?keywords=qualy&searchon=names&suite=all&section=all,https://formulae.brew.sh/search?q=qualy,https://www.npmjs.com/package/qualy
quaya,5,coined-shipping,"Coined from ship, dock, quay, or readiness",2,available,available,,available,,available,https://crates.io/crates/quaya,https://packages.debian.org/search?keywords=quaya&searchon=names&suite=all&section=all,https://formulae.brew.sh/search?q=quaya,https://www.npmjs.com/package/quaya
quayo,5,coined-shipping,"Coined from ship, dock, quay, or readiness",2,available,available,,available,,available,https://crates.io/crates/quayo,https://packages.debian.org/search?keywords=quayo&searchon=names&suite=all&section=all,https://formulae.brew.sh/search?q=quayo,https://www.npmjs.com/package/quayo
quayr,5,coined-shipping,"Coined from ship, dock, quay, or readiness",2,available,available,,available,,available,https://crates.io/crates/quayr,https://packages.debian.org/search?keywords=quayr&searchon=names&suite=all&section=all,https://formulae.brew.sh/search?q=quayr,https://www.npmjs.com/package/quayr
redly,5,coined-shipping,"Coined from ship, dock, quay, or readiness",2,available,available,,available,,available,https://crates.io/crates/redly,https://packages.debian.org/search?keywords=redly&searchon=names&suite=all&section=all,https://formulae.brew.sh/search?q=redly,https://www.npmjs.com/package/redly
redra,5,coined-shipping,"Coined from ship, dock, quay, or readiness",2,available,available,,available,,available,https://crates.io/crates/redra,https://packages.debian.org/search?keywords=redra&searchon=names&suite=all&section=all,https://formulae.brew.sh/search?q=redra,https://www.npmjs.com/package/redra
redro,5,coined-shipping,"Coined from ship, dock, quay, or readiness",2,available,available,,available,,available,https://crates.io/crates/redro,https://packages.debian.org/search?keywords=redro&searchon=names&suite=all&section=all,https://formulae.brew.sh/search?q=redro,https://www.npmjs.com/package/redro
revar,5,coined-review,Coined from review/revise,2,available,available,,available,,available,https://crates.io/crates/revar,https://packages.debian.org/search?keywords=revar&searchon=names&suite=all&section=all,https://formulae.brew.sh/search?q=revar,https://www.npmjs.com/package/revar
revdo,5,coined-review,Coined from review/revise,2,available,available,,available,,available,https://crates.io/crates/revdo,https://packages.debian.org/search?keywords=revdo&searchon=names&suite=all&section=all,https://formulae.brew.sh/search?q=revdo,https://www.npmjs.com/package/revdo
revex,5,coined-review,Coined from review/revise,2,available,available,,available,,available,https://crates.io/crates/revex,https://packages.debian.org/search?keywords=revex&searchon=names&suite=all&section=all,https://formulae.brew.sh/search?q=revex,https://www.npmjs.com/package/revex
revez,5,coined-review,Coined from review/revise,2,available,available,,available,,available,https://crates.io/crates/revez,https://packages.debian.org/search?keywords=revez&searchon=names&suite=all&section=all,https://formulae.brew.sh/search?q=revez,https://www.npmjs.com/package/revez
revgo,5,coined-review,Coined from review/revise,2,available,available,,available,,available,https://crates.io/crates/revgo,https://packages.debian.org/search?keywords=revgo&searchon=names&suite=all&section=all,https://formulae.brew.sh/search?q=revgo,https://www.npmjs.com/package/revgo
revia,5,coined-review,Coined from review/revise,2,available,available,,available,,available,https://crates.io/crates/revia,https://packages.debian.org/search?keywords=revia&searchon=names&suite=all&section=all,https://formulae.brew.sh/search?q=revia,https://www.npmjs.com/package/revia
revin,5,coined-review,Coined from review/revise,2,available,available,,available,,available,https://crates.io/crates/revin,https://packages.debian.org/search?keywords=revin&searchon=names&suite=all&section=all,https://formulae.brew.sh/search?q=revin,https://www.npmjs.com/package/revin
revly,5,coined-review,Coined from review/revise,2,available,available,,available,,available,https://crates.io/crates/revly,https://packages.debian.org/search?keywords=revly&searchon=names&suite=all&section=all,https://formulae.brew.sh/search?q=revly,https://www.npmjs.com/package/revly
revok,5,coined-review,Coined from review/revise,2,available,available,,available,,available,https://crates.io/crates/revok,https://packages.debian.org/search?keywords=revok&searchon=names&suite=all&section=all,https://formulae.brew.sh/search?q=revok,https://www.npmjs.com/package/revok
revon,5,coined-review,Coined from review/revise,2,available,available,,available,,available,https://crates.io/crates/revon,https://packages.debian.org/search?keywords=revon&searchon=names&suite=all&section=all,https://formulae.brew.sh/search?q=revon,https://www.npmjs.com/package/revon
revor,5,coined-review,Coined from review/revise,2,available,available,,available,,available,https://crates.io/crates/revor,https://packages.debian.org/search?keywords=revor&searchon=names&suite=all&section=all,https://formulae.brew.sh/search?q=revor,https://www.npmjs.com/package/revor
revos,5,coined-review,Coined from review/revise,2,available,available,,available,,available,https://crates.io/crates/revos,https://packages.debian.org/search?keywords=revos&searchon=names&suite=all&section=all,https://formulae.brew.sh/search?q=revos,https://www.npmjs.com/package/revos
revra,5,coined-review,Coined from review/revise,2,available,available,,available,,available,https://crates.io/crates/revra,https://packages.debian.org/search?keywords=revra&searchon=names&suite=all&section=all,https://formulae.brew.sh/search?q=revra,https://www.npmjs.com/package/revra
revro,5,coined-review,Coined from review/revise,2,available,available,,available,,available,https://crates.io/crates/revro,https://packages.debian.org/search?keywords=revro&searchon=names&suite=all&section=all,https://formulae.brew.sh/search?q=revro,https://www.npmjs.com/package/revro
revry,5,coined-review,Coined from review/revise,2,available,available,,available,,available,https://crates.io/crates/revry,https://packages.debian.org/search?keywords=revry&searchon=names&suite=all&section=all,https://formulae.brew.sh/search?q=revry,https://www.npmjs.com/package/revry
revum,5,coined-review,Coined from review/revise,2,available,available,,available,,available,https://crates.io/crates/revum,https://packages.debian.org/search?keywords=revum&searchon=names&suite=all&section=all,https://formulae.brew.sh/search?q=revum,https://www.npmjs.com/package/revum
revvy,5,coined-review,Coined from review/revise,2,available,available,,available,,available,https://crates.io/crates/revvy,https://packages.debian.org/search?keywords=revvy&searchon=names&suite=all&section=all,https://formulae.brew.sh/search?q=revvy,https://www.npmjs.com/package/revvy
revya,5,coined-review,Coined from review/revise,2,available,available,,available,,available,https://crates.io/crates/revya,https://packages.debian.org/search?keywords=revya&searchon=names&suite=all&section=all,https://formulae.brew.sh/search?q=revya,https://www.npmjs.com/package/revya
revyn,5,coined-review,Coined from review/revise,2,available,available,,available,,available,https://crates.io/crates/revyn,https://packages.debian.org/search?keywords=revyn&searchon=names&suite=all&section=all,https://formulae.brew.sh/search?q=revyn,https://www.npmjs.com/package/revyn
revyo,5,coined-review,Coined from review/revise,2,available,available,,available,,available,https://crates.io/crates/revyo,https://packages.debian.org/search?keywords=revyo&searchon=names&suite=all&section=all,https://formulae.brew.sh/search?q=revyo,https://www.npmjs.com/package/revyo
rewel,5,coined-review,Coined from review/revise,2,available,available,,available,,available,https://crates.io/crates/rewel,https://packages.debian.org/search?keywords=rewel&searchon=names&suite=all&section=all,https://formulae.brew.sh/search?q=rewel,https://www.npmjs.com/package/rewel
rewia,5,coined-review,Coined from review/revise,2,available,available,,available,,available,https://crates.io/crates/rewia,https://packages.debian.org/search?keywords=rewia&searchon=names&suite=all&section=all,https://formulae.brew.sh/search?q=rewia,https://www.npmjs.com/package/rewia
rewin,5,coined-review,Coined from review/revise,2,available,available,,available,,available,https://crates.io/crates/rewin,https://packages.debian.org/search?keywords=rewin&searchon=names&suite=all&section=all,https://formulae.brew.sh/search?q=rewin,https://www.npmjs.com/package/rewin
rewio,5,coined-review,Coined from review/revise,2,available,available,,available,,available,https://crates.io/crates/rewio,https://packages.debian.org/search?keywords=rewio&searchon=names&suite=all&section=all,https://formulae.brew.sh/search?q=rewio,https://www.npmjs.com/package/rewio
rewon,5,coined-review,Coined from review/revise,2,available,available,,available,,available,https://crates.io/crates/rewon,https://packages.debian.org/search?keywords=rewon&searchon=names&suite=all&section=all,https://formulae.brew.sh/search?q=rewon,https://www.npmjs.com/package/rewon
rivi,4,coined-anchor,"Coined from moor, anchor, bind, or rivet",2,available,available,,available,,available,https://crates.io/crates/rivi,https://packages.debian.org/search?keywords=rivi&searchon=names&suite=all&section=all,https://formulae.brew.sh/search?q=rivi,https://www.npmjs.com/package/rivi
rivio,5,coined-anchor,"Coined from moor, anchor, bind, or rivet",2,available,available,,available,,available,https://crates.io/crates/rivio,https://packages.debian.org/search?keywords=rivio&searchon=names&suite=all&section=all,https://formulae.brew.sh/search?q=rivio,https://www.npmjs.com/package/rivio
rivix,5,coined-anchor,"Coined from moor, anchor, bind, or rivet",2,available,available,,available,,available,https://crates.io/crates/rivix,https://packages.debian.org/search?keywords=rivix&searchon=names&suite=all&section=all,https://formulae.brew.sh/search?q=rivix,https://www.npmjs.com/package/rivix
rivly,5,coined-anchor,"Coined from moor, anchor, bind, or rivet",2,available,available,,available,,available,https://crates.io/crates/rivly,https://packages.debian.org/search?keywords=rivly&searchon=names&suite=all&section=all,https://formulae.brew.sh/search?q=rivly,https://www.npmjs.com/package/rivly
rivro,5,coined-anchor,"Coined from moor, anchor, bind, or rivet",2,available,available,,available,,available,https://crates.io/crates/rivro,https://packages.debian.org/search?keywords=rivro&searchon=names&suite=all&section=all,https://formulae.brew.sh/search?q=rivro,https://www.npmjs.com/package/rivro
rvwly,5,coined-review,Coined from review/revise,2,available,available,,available,,available,https://crates.io/crates/rvwly,https://packages.debian.org/search?keywords=rvwly&searchon=names&suite=all&section=all,https://formulae.brew.sh/search?q=rvwly,https://www.npmjs.com/package/rvwly
savra,5,coined-cooking,"Coined from taste, proof, mise, or the pass",2,available,available,,available,,available,https://crates.io/crates/savra,https://packages.debian.org/search?keywords=savra&searchon=names&suite=all&section=all,https://formulae.brew.sh/search?q=savra,https://www.npmjs.com/package/savra
savro,5,coined-cooking,"Coined from taste, proof, mise, or the pass",2,available,available,,available,,available,https://crates.io/crates/savro,https://packages.debian.org/search?keywords=savro&searchon=names&suite=all&section=all,https://formulae.brew.sh/search?q=savro,https://www.npmjs.com/package/savro
scana,5,coined-sifting,"Coined from sift, scan, trace, or probe",2,available,available,,available,,available,https://crates.io/crates/scana,https://packages.debian.org/search?keywords=scana&searchon=names&suite=all&section=all,https://formulae.brew.sh/search?q=scana,https://www.npmjs.com/package/scana
scani,5,coined-sifting,"Coined from sift, scan, trace, or probe",2,available,available,,available,,available,https://crates.io/crates/scani,https://packages.debian.org/search?keywords=scani&searchon=names&suite=all&section=all,https://formulae.brew.sh/search?q=scani,https://www.npmjs.com/package/scani
scano,5,coined-sifting,"Coined from sift, scan, trace, or probe",2,available,available,,available,,available,https://crates.io/crates/scano,https://packages.debian.org/search?keywords=scano&searchon=names&suite=all&section=all,https://formulae.brew.sh/search?q=scano,https://www.npmjs.com/package/scano
scopa,5,coined-inspection,Coined from inspect/spec/scope,2,available,available,,available,,available,https://crates.io/crates/scopa,https://packages.debian.org/search?keywords=scopa&searchon=names&suite=all&section=all,https://formulae.brew.sh/search?q=scopa,https://www.npmjs.com/package/scopa
scopi,5,coined-inspection,Coined from inspect/spec/scope,2,available,available,,available,,available,https://crates.io/crates/scopi,https://packages.debian.org/search?keywords=scopi&searchon=names&suite=all&section=all,https://formulae.brew.sh/search?q=scopi,https://www.npmjs.com/package/scopi
scopo,5,coined-inspection,Coined from inspect/spec/scope,2,available,available,,available,,available,https://crates.io/crates/scopo,https://packages.debian.org/search?keywords=scopo&searchon=names&suite=all&section=all,https://formulae.brew.sh/search?q=scopo,https://www.npmjs.com/package/scopo
scopr,5,coined-inspection,Coined from inspect/spec/scope,2,available,available,,available,,available,https://crates.io/crates/scopr,https://packages.debian.org/search?keywords=scopr&searchon=names&suite=all&section=all,https://formulae.brew.sh/search?q=scopr,https://www.npmjs.com/package/scopr
scopx,5,coined-inspection,Coined from inspect/spec/scope,2,available,available,,available,,available,https://crates.io/crates/scopx,https://packages.debian.org/search?keywords=scopx&searchon=names&suite=all&section=all,https://formulae.brew.sh/search?q=scopx,https://www.npmjs.com/package/scopx
scor,4,coined-quality,Coined around quality gates and approval,2,available,available,,available,,available,https://crates.io/crates/scor,https://packages.debian.org/search?keywords=scor&searchon=names&suite=all&section=all,https://formulae.brew.sh/search?q=scor,https://www.npmjs.com/package/scor
scora,5,coined-quality,Coined around quality gates and approval,2,available,available,,available,,available,https://crates.io/crates/scora,https://packages.debian.org/search?keywords=scora&searchon=names&suite=all&section=all,https://formulae.brew.sh/search?q=scora,https://www.npmjs.com/package/scora
scori,5,coined-quality,Coined around quality gates and approval,2,available,available,,available,,available,https://crates.io/crates/scori,https://packages.debian.org/search?keywords=scori&searchon=names&suite=all&section=all,https://formulae.brew.sh/search?q=scori,https://www.npmjs.com/package/scori
scoro,5,coined-quality,Coined around quality gates and approval,2,available,available,,available,,available,https://crates.io/crates/scoro,https://packages.debian.org/search?keywords=scoro&searchon=names&suite=all&section=all,https://formulae.brew.sh/search?q=scoro,https://www.npmjs.com/package/scoro
scorx,5,coined-quality,Coined around quality gates and approval,2,available,available,,available,,available,https://crates.io/crates/scorx,https://packages.debian.org/search?keywords=scorx&searchon=names&suite=all&section=all,https://formulae.brew.sh/search?q=scorx,https://www.npmjs.com/package/scorx
sealo,5,coined-quality,Coined around quality gates and approval,2,available,available,,available,,available,https://crates.io/crates/sealo,https://packages.debian.org/search?keywords=sealo&searchon=names&suite=all&section=all,https://formulae.brew.sh/search?q=sealo,https://www.npmjs.com/package/sealo
sealr,5,coined-quality,Coined around quality gates and approval,2,available,available,,available,,available,https://crates.io/crates/sealr,https://packages.debian.org/search?keywords=sealr&searchon=names&suite=all&section=all,https://formulae.brew.sh/search?q=sealr,https://www.npmjs.com/package/sealr
shipa,5,coined-shipping,"Coined from ship, dock, quay, or readiness",2,available,available,,available,,available,https://crates.io/crates/shipa,https://packages.debian.org/search?keywords=shipa&searchon=names&suite=all&section=all,https://formulae.brew.sh/search?q=shipa,https://www.npmjs.com/package/shipa
shipi,5,coined-shipping,"Coined from ship, dock, quay, or readiness",2,available,available,,available,,available,https://crates.io/crates/shipi,https://packages.debian.org/search?keywords=shipi&searchon=names&suite=all&section=all,https://formulae.brew.sh/search?q=shipi,https://www.npmjs.com/package/shipi
shipo,5,coined-shipping,"Coined from ship, dock, quay, or readiness",2,available,available,,available,,available,https://crates.io/crates/shipo,https://packages.debian.org/search?keywords=shipo&searchon=names&suite=all&section=all,https://formulae.brew.sh/search?q=shipo,https://www.npmjs.com/package/shipo
shipt,5,coined-shipping,"Coined from ship, dock, quay, or readiness",2,available,available,,available,,available,https://crates.io/crates/shipt,https://packages.debian.org/search?keywords=shipt&searchon=names&suite=all&section=all,https://formulae.brew.sh/search?q=shipt,https://www.npmjs.com/package/shipt
shipx,5,coined-shipping,"Coined from ship, dock, quay, or readiness",2,available,available,,available,,available,https://crates.io/crates/shipx,https://packages.debian.org/search?keywords=shipx&searchon=names&suite=all&section=all,https://formulae.brew.sh/search?q=shipx,https://www.npmjs.com/package/shipx
shipy,5,coined-shipping,"Coined from ship, dock, quay, or readiness",2,available,available,,available,,available,https://crates.io/crates/shipy,https://packages.debian.org/search?keywords=shipy&searchon=names&suite=all&section=all,https://formulae.brew.sh/search?q=shipy,https://www.npmjs.com/package/shipy
sifa,4,coined-cooking,"Coined from taste, proof, mise, or the pass",2,available,available,,available,,available,https://crates.io/crates/sifa,https://packages.debian.org/search?keywords=sifa&searchon=names&suite=all&section=all,https://formulae.brew.sh/search?q=sifa,https://www.npmjs.com/package/sifa
sifex,5,coined-sifting,"Coined from sift, scan, trace, or probe",2,available,available,,available,,available,https://crates.io/crates/sifex,https://packages.debian.org/search?keywords=sifex&searchon=names&suite=all&section=all,https://formulae.brew.sh/search?q=sifex,https://www.npmjs.com/package/sifex
sifio,5,coined-sifting,"Coined from sift, scan, trace, or probe",2,available,available,,available,,available,https://crates.io/crates/sifio,https://packages.debian.org/search?keywords=sifio&searchon=names&suite=all&section=all,https://formulae.brew.sh/search?q=sifio,https://www.npmjs.com/package/sifio
sifro,5,coined-sifting,"Coined from sift, scan, trace, or probe",2,available,available,,available,,available,https://crates.io/crates/sifro,https://packages.debian.org/search?keywords=sifro&searchon=names&suite=all&section=all,https://formulae.brew.sh/search?q=sifro,https://www.npmjs.com/package/sifro
sifry,5,coined-cooking,"Coined from taste, proof, mise, or the pass",2,available,available,,available,,available,https://crates.io/crates/sifry,https://packages.debian.org/search?keywords=sifry&searchon=names&suite=all&section=all,https://formulae.brew.sh/search?q=sifry,https://www.npmjs.com/package/sifry
sifta,5,coined-sifting,"Coined from sift, scan, trace, or probe",2,available,available,,available,,available,https://crates.io/crates/sifta,https://packages.debian.org/search?keywords=sifta&searchon=names&suite=all&section=all,https://formulae.brew.sh/search?q=sifta,https://www.npmjs.com/package/sifta
sifti,5,coined-sifting,"Coined from sift, scan, trace, or probe",2,available,available,,available,,available,https://crates.io/crates/sifti,https://packages.debian.org/search?keywords=sifti&searchon=names&suite=all&section=all,https://formulae.brew.sh/search?q=sifti,https://www.npmjs.com/package/sifti
sifto,5,coined-sifting,"Coined from sift, scan, trace, or probe",2,available,available,,available,,available,https://crates.io/crates/sifto,https://packages.debian.org/search?keywords=sifto&searchon=names&suite=all&section=all,https://formulae.brew.sh/search?q=sifto,https://www.npmjs.com/package/sifto
siftr,5,coined-sifting,"Coined from sift, scan, trace, or probe",2,available,available,,available,,available,https://crates.io/crates/siftr,https://packages.debian.org/search?keywords=siftr&searchon=names&suite=all&section=all,https://formulae.brew.sh/search?q=siftr,https://www.npmjs.com/package/siftr
sifty,5,coined-sifting,"Coined from sift, scan, trace, or probe",2,available,available,,available,,available,https://crates.io/crates/sifty,https://packages.debian.org/search?keywords=sifty&searchon=names&suite=all&section=all,https://formulae.brew.sh/search?q=sifty,https://www.npmjs.com/package/sifty
skana,5,coined-sifting,"Coined from sift, scan, trace, or probe",2,available,available,,available,,available,https://crates.io/crates/skana,https://packages.debian.org/search?keywords=skana&searchon=names&suite=all&section=all,https://formulae.brew.sh/search?q=skana,https://www.npmjs.com/package/skana
skano,5,coined-sifting,"Coined from sift, scan, trace, or probe",2,available,available,,available,,available,https://crates.io/crates/skano,https://packages.debian.org/search?keywords=skano&searchon=names&suite=all&section=all,https://formulae.brew.sh/search?q=skano,https://www.npmjs.com/package/skano
skanr,5,coined-sifting,"Coined from sift, scan, trace, or probe",2,available,available,,available,,available,https://crates.io/crates/skanr,https://packages.debian.org/search?keywords=skanr&searchon=names&suite=all&section=all,https://formulae.brew.sh/search?q=skanr,https://www.npmjs.com/package/skanr
skany,5,coined-sifting,"Coined from sift, scan, trace, or probe",2,available,available,,available,,available,https://crates.io/crates/skany,https://packages.debian.org/search?keywords=skany&searchon=names&suite=all&section=all,https://formulae.brew.sh/search?q=skany,https://www.npmjs.com/package/skany
skopa,5,coined-inspection,Coined from inspect/spec/scope,2,available,available,,available,,available,https://crates.io/crates/skopa,https://packages.debian.org/search?keywords=skopa&searchon=names&suite=all&section=all,https://formulae.brew.sh/search?q=skopa,https://www.npmjs.com/package/skopa
skopi,5,coined-inspection,Coined from inspect/spec/scope,2,available,available,,available,,available,https://crates.io/crates/skopi,https://packages.debian.org/search?keywords=skopi&searchon=names&suite=all&section=all,https://formulae.brew.sh/search?q=skopi,https://www.npmjs.com/package/skopi
skopo,5,coined-inspection,Coined from inspect/spec/scope,2,available,available,,available,,available,https://crates.io/crates/skopo,https://packages.debian.org/search?keywords=skopo&searchon=names&suite=all&section=all,https://formulae.brew.sh/search?q=skopo,https://www.npmjs.com/package/skopo
skopy,5,coined-inspection,Coined from inspect/spec/scope,2,available,available,,available,,available,https://crates.io/crates/skopy,https://packages.debian.org/search?keywords=skopy&searchon=names&suite=all&section=all,https://formulae.brew.sh/search?q=skopy,https://www.npmjs.com/package/skopy
smito,5,coined-craft,"Coined from forge, hone, fit, or making",2,available,available,,available,,available,https://crates.io/crates/smito,https://packages.debian.org/search?keywords=smito&searchon=names&suite=all&section=all,https://formulae.brew.sh/search?q=smito,https://www.npmjs.com/package/smito
speka,5,coined-inspection,Coined from inspect/spec/scope,2,available,available,,available,,available,https://crates.io/crates/speka,https://packages.debian.org/search?keywords=speka&searchon=names&suite=all&section=all,https://formulae.brew.sh/search?q=speka,https://www.npmjs.com/package/speka
spekl,5,coined-inspection,Coined from inspect/spec/scope,2,available,available,,available,,available,https://crates.io/crates/spekl,https://packages.debian.org/search?keywords=spekl&searchon=names&suite=all&section=all,https://formulae.brew.sh/search?q=spekl,https://www.npmjs.com/package/spekl
speko,5,coined-inspection,Coined from inspect/spec/scope,2,available,available,,available,,available,https://crates.io/crates/speko,https://packages.debian.org/search?keywords=speko&searchon=names&suite=all&section=all,https://formulae.brew.sh/search?q=speko,https://www.npmjs.com/package/speko
spekr,5,coined-inspection,Coined from inspect/spec/scope,2,available,available,,available,,available,https://crates.io/crates/spekr,https://packages.debian.org/search?keywords=spekr&searchon=names&suite=all&section=all,https://formulae.brew.sh/search?q=spekr,https://www.npmjs.com/package/spekr
speku,5,coined-inspection,Coined from inspect/spec/scope,2,available,available,,available,,available,https://crates.io/crates/speku,https://packages.debian.org/search?keywords=speku&searchon=names&suite=all&section=all,https://formulae.brew.sh/search?q=speku,https://www.npmjs.com/package/speku
spekx,5,coined-inspection,Coined from inspect/spec/scope,2,available,available,,available,,available,https://crates.io/crates/spekx,https://packages.debian.org/search?keywords=spekx&searchon=names&suite=all&section=all,https://formulae.brew.sh/search?q=spekx,https://www.npmjs.com/package/spekx
speqa,5,coined-inspection,Coined from inspect/spec/scope,2,available,available,,available,,available,https://crates.io/crates/speqa,https://packages.debian.org/search?keywords=speqa&searchon=names&suite=all&section=all,https://formulae.brew.sh/search?q=speqa,https://www.npmjs.com/package/speqa
speqo,5,coined-inspection,Coined from inspect/spec/scope,2,available,available,,available,,available,https://crates.io/crates/speqo,https://packages.debian.org/search?keywords=speqo&searchon=names&suite=all&section=all,https://formulae.brew.sh/search?q=speqo,https://www.npmjs.com/package/speqo
speqr,5,coined-inspection,Coined from inspect/spec/scope,2,available,available,,available,,available,https://crates.io/crates/speqr,https://packages.debian.org/search?keywords=speqr&searchon=names&suite=all&section=all,https://formulae.brew.sh/search?q=speqr,https://www.npmjs.com/package/speqr
spexa,5,coined-inspection,Coined from inspect/spec/scope,2,available,available,,available,,available,https://crates.io/crates/spexa,https://packages.debian.org/search?keywords=spexa&searchon=names&suite=all&section=all,https://formulae.brew.sh/search?q=spexa,https://www.npmjs.com/package/spexa
spexo,5,coined-inspection,Coined from inspect/spec/scope,2,available,available,,available,,available,https://crates.io/crates/spexo,https://packages.debian.org/search?keywords=spexo&searchon=names&suite=all&section=all,https://formulae.brew.sh/search?q=spexo,https://www.npmjs.com/package/spexo
stamo,5,coined-quality,Coined around quality gates and approval,2,available,available,,available,,available,https://crates.io/crates/stamo,https://packages.debian.org/search?keywords=stamo&searchon=names&suite=all&section=all,https://formulae.brew.sh/search?q=stamo,https://www.npmjs.com/package/stamo
stamr,5,coined-quality,Coined around quality gates and approval,2,available,available,,available,,available,https://crates.io/crates/stamr,https://packages.debian.org/search?keywords=stamr&searchon=names&suite=all&section=all,https://formulae.brew.sh/search?q=stamr,https://www.npmjs.com/package/stamr
tasta,5,coined-cooking,"Coined from taste, proof, mise, or the pass",2,available,available,,available,,available,https://crates.io/crates/tasta,https://packages.debian.org/search?keywords=tasta&searchon=names&suite=all&section=all,https://formulae.brew.sh/search?q=tasta,https://www.npmjs.com/package/tasta
tasti,5,coined-cooking,"Coined from taste, proof, mise, or the pass",2,available,available,,available,,available,https://crates.io/crates/tasti,https://packages.debian.org/search?keywords=tasti&searchon=names&suite=all&section=all,https://formulae.brew.sh/search?q=tasti,https://www.npmjs.com/package/tasti
tasto,5,coined-cooking,"Coined from taste, proof, mise, or the pass",2,available,available,,available,,available,https://crates.io/crates/tasto,https://packages.debian.org/search?keywords=tasto&searchon=names&suite=all&section=all,https://formulae.brew.sh/search?q=tasto,https://www.npmjs.com/package/tasto
tastr,5,coined-cooking,"Coined from taste, proof, mise, or the pass",2,available,available,,available,,available,https://crates.io/crates/tastr,https://packages.debian.org/search?keywords=tastr&searchon=names&suite=all&section=all,https://formulae.brew.sh/search?q=tastr,https://www.npmjs.com/package/tastr
tazta,5,coined-cooking,"Coined from taste, proof, mise, or the pass",2,available,available,,available,,available,https://crates.io/crates/tazta,https://packages.debian.org/search?keywords=tazta&searchon=names&suite=all&section=all,https://formulae.brew.sh/search?q=tazta,https://www.npmjs.com/package/tazta
tazto,5,coined-cooking,"Coined from taste, proof, mise, or the pass",2,available,available,,available,,available,https://crates.io/crates/tazto,https://packages.debian.org/search?keywords=tazto&searchon=names&suite=all&section=all,https://formulae.brew.sh/search?q=tazto,https://www.npmjs.com/package/tazto
ticko,5,coined-quality,Coined around quality gates and approval,2,available,available,,available,,available,https://crates.io/crates/ticko,https://packages.debian.org/search?keywords=ticko&searchon=names&suite=all&section=all,https://formulae.brew.sh/search?q=ticko,https://www.npmjs.com/package/ticko
traco,5,coined-sifting,"Coined from sift, scan, trace, or probe",2,available,available,,available,,available,https://crates.io/crates/traco,https://packages.debian.org/search?keywords=traco&searchon=names&suite=all&section=all,https://formulae.brew.sh/search?q=traco,https://www.npmjs.com/package/traco
traxa,5,coined-sifting,"Coined from sift, scan, trace, or probe",2,available,available,,available,,available,https://crates.io/crates/traxa,https://packages.debian.org/search?keywords=traxa&searchon=names&suite=all&section=all,https://formulae.brew.sh/search?q=traxa,https://www.npmjs.com/package/traxa
traxo,5,coined-sifting,"Coined from sift, scan, trace, or probe",2,available,available,,available,,available,https://crates.io/crates/traxo,https://packages.debian.org/search?keywords=traxo&searchon=names&suite=all&section=all,https://formulae.brew.sh/search?q=traxo,https://www.npmjs.com/package/traxo
trazi,5,coined-sifting,"Coined from sift, scan, trace, or probe",2,available,available,,available,,available,https://crates.io/crates/trazi,https://packages.debian.org/search?keywords=trazi&searchon=names&suite=all&section=all,https://formulae.brew.sh/search?q=trazi,https://www.npmjs.com/package/trazi
trazr,5,coined-sifting,"Coined from sift, scan, trace, or probe",2,available,available,,available,,available,https://crates.io/crates/trazr,https://packages.debian.org/search?keywords=trazr&searchon=names&suite=all&section=all,https://formulae.brew.sh/search?q=trazr,https://www.npmjs.com/package/trazr
trazy,5,coined-sifting,"Coined from sift, scan, trace, or probe",2,available,available,,available,,available,https://crates.io/crates/trazy,https://packages.debian.org/search?keywords=trazy&searchon=names&suite=all&section=all,https://formulae.brew.sh/search?q=trazy,https://www.npmjs.com/package/trazy
truex,5,coined-craft,"Coined from forge, hone, fit, or making",2,available,available,,available,,available,https://crates.io/crates/truex,https://packages.debian.org/search?keywords=truex&searchon=names&suite=all&section=all,https://formulae.brew.sh/search?q=truex,https://www.npmjs.com/package/truex
truio,5,coined-craft,"Coined from forge, hone, fit, or making",2,available,available,,available,,available,https://crates.io/crates/truio,https://packages.debian.org/search?keywords=truio&searchon=names&suite=all&section=all,https://formulae.brew.sh/search?q=truio,https://www.npmjs.com/package/truio
truya,5,coined-craft,"Coined from forge, hone, fit, or making",2,available,available,,available,,available,https://crates.io/crates/truya,https://packages.debian.org/search?keywords=truya&searchon=names&suite=all&section=all,https://formulae.brew.sh/search?q=truya,https://www.npmjs.com/package/truya
truyo,5,coined-craft,"Coined from forge, hone, fit, or making",2,available,available,,available,,available,https://crates.io/crates/truyo,https://packages.debian.org/search?keywords=truyo&searchon=names&suite=all&section=all,https://formulae.brew.sh/search?q=truyo,https://www.npmjs.com/package/truyo
tryly,5,coined-checking,Coined from check/test/assay,2,available,available,,available,,available,https://crates.io/crates/tryly,https://packages.debian.org/search?keywords=tryly&searchon=names&suite=all&section=all,https://formulae.brew.sh/search?q=tryly,https://www.npmjs.com/package/tryly
verin,5,coined-vetting,"Coined from vet, proof, or verification",2,available,available,,available,,available,https://crates.io/crates/verin,https://packages.debian.org/search?keywords=verin&searchon=names&suite=all&section=all,https://formulae.brew.sh/search?q=verin,https://www.npmjs.com/package/verin
verio,5,coined-vetting,"Coined from vet, proof, or verification",2,available,available,,available,,available,https://crates.io/crates/verio,https://packages.debian.org/search?keywords=verio&searchon=names&suite=all&section=all,https://formulae.brew.sh/search?q=verio,https://www.npmjs.com/package/verio
veru,4,coined-vetting,"Coined from vet, proof, or verification",2,available,available,,available,,available,https://crates.io/crates/veru,https://packages.debian.org/search?keywords=veru&searchon=names&suite=all&section=all,https://formulae.brew.sh/search?q=veru,https://www.npmjs.com/package/veru
vetex,5,coined-vetting,"Coined from vet, proof, or verification",2,available,available,,available,,available,https://crates.io/crates/vetex,https://packages.debian.org/search?keywords=vetex&searchon=names&suite=all&section=all,https://formulae.brew.sh/search?q=vetex,https://www.npmjs.com/package/vetex
veti,4,coined-vetting,"Coined from vet, proof, or verification",2,available,available,,available,,available,https://crates.io/crates/veti,https://packages.debian.org/search?keywords=veti&searchon=names&suite=all&section=all,https://formulae.brew.sh/search?q=veti,https://www.npmjs.com/package/veti
vetix,5,coined-vetting,"Coined from vet, proof, or verification",2,available,available,,available,,available,https://crates.io/crates/vetix,https://packages.debian.org/search?keywords=vetix&searchon=names&suite=all&section=all,https://formulae.brew.sh/search?q=vetix,https://www.npmjs.com/package/vetix
vetly,5,coined-vetting,"Coined from vet, proof, or verification",2,available,available,,available,,available,https://crates.io/crates/vetly,https://packages.debian.org/search?keywords=vetly&searchon=names&suite=all&section=all,https://formulae.brew.sh/search?q=vetly,https://www.npmjs.com/package/vetly
vetri,5,coined-vetting,"Coined from vet, proof, or verification",2,available,available,,available,,available,https://crates.io/crates/vetri,https://packages.debian.org/search?keywords=vetri&searchon=names&suite=all&section=all,https://formulae.brew.sh/search?q=vetri,https://www.npmjs.com/package/vetri
vetu,4,coined-vetting,"Coined from vet, proof, or verification",2,available,available,,available,,available,https://crates.io/crates/vetu,https://packages.debian.org/search?keywords=vetu&searchon=names&suite=all&section=all,https://formulae.brew.sh/search?q=vetu,https://www.npmjs.com/package/vetu
veyro,5,coined-vetting,"Coined from vet, proof, or verification",2,available,available,,available,,available,https://crates.io/crates/veyro,https://packages.debian.org/search?keywords=veyro&searchon=names&suite=all&section=all,https://formulae.brew.sh/search?q=veyro,https://www.npmjs.com/package/veyro
viewa,5,coined-seeing,Coined from view/look/lens/gaze,2,available,available,,available,,available,https://crates.io/crates/viewa,https://packages.debian.org/search?keywords=viewa&searchon=names&suite=all&section=all,https://formulae.brew.sh/search?q=viewa,https://www.npmjs.com/package/viewa
viewi,5,coined-seeing,Coined from view/look/lens/gaze,2,available,available,,available,,available,https://crates.io/crates/viewi,https://packages.debian.org/search?keywords=viewi&searchon=names&suite=all&section=all,https://formulae.brew.sh/search?q=viewi,https://www.npmjs.com/package/viewi
viewo,5,coined-seeing,Coined from view/look/lens/gaze,2,available,available,,available,,available,https://crates.io/crates/viewo,https://packages.debian.org/search?keywords=viewo&searchon=names&suite=all&section=all,https://formulae.brew.sh/search?q=viewo,https://www.npmjs.com/package/viewo
vistx,5,coined-seeing,Coined from view/look/lens/gaze,2,available,available,,available,,available,https://crates.io/crates/vistx,https://packages.debian.org/search?keywords=vistx&searchon=names&suite=all&section=all,https://formulae.brew.sh/search?q=vistx,https://www.npmjs.com/package/vistx
visty,5,coined-seeing,Coined from view/look/lens/gaze,2,available,available,,available,,available,https://crates.io/crates/visty,https://packages.debian.org/search?keywords=visty&searchon=names&suite=all&section=all,https://formulae.brew.sh/search?q=visty,https://www.npmjs.com/package/visty
voti,4,coined-vetting,"Coined from vet, proof, or verification",2,available,available,,available,,available,https://crates.io/crates/voti,https://packages.debian.org/search?keywords=voti&searchon=names&suite=all&section=all,https://formulae.brew.sh/search?q=voti,https://www.npmjs.com/package/voti
votra,5,coined-vetting,"Coined from vet, proof, or verification",2,available,available,,available,,available,https://crates.io/crates/votra,https://packages.debian.org/search?keywords=votra&searchon=names&suite=all&section=all,https://formulae.brew.sh/search?q=votra,https://www.npmjs.com/package/votra
vuery,5,coined-seeing,Coined from view/look/lens/gaze,2,available,available,,available,,available,https://crates.io/crates/vuery,https://packages.debian.org/search?keywords=vuery&searchon=names&suite=all&section=all,https://formulae.brew.sh/search?q=vuery,https://www.npmjs.com/package/vuery
vyla,4,coined-seeing,Coined from view/look/lens/gaze,2,available,available,,available,,available,https://crates.io/crates/vyla,https://packages.debian.org/search?keywords=vyla&searchon=names&suite=all&section=all,https://formulae.brew.sh/search?q=vyla,https://www.npmjs.com/package/vyla
vyli,4,coined-seeing,Coined from view/look/lens/gaze,2,available,available,,available,,available,https://crates.io/crates/vyli,https://packages.debian.org/search?keywords=vyli&searchon=names&suite=all&section=all,https://formulae.brew.sh/search?q=vyli,https://www.npmjs.com/package/vyli
vylo,4,coined-seeing,Coined from view/look/lens/gaze,2,available,available,,available,,available,https://crates.io/crates/vylo,https://packages.debian.org/search?keywords=vylo&searchon=names&suite=all&section=all,https://formulae.brew.sh/search?q=vylo,https://www.npmjs.com/package/vylo
vyra,4,coined-seeing,Coined from view/look/lens/gaze,2,available,available,,available,,available,https://crates.io/crates/vyra,https://packages.debian.org/search?keywords=vyra&searchon=names&suite=all&section=all,https://formulae.brew.sh/search?q=vyra,https://www.npmjs.com/package/vyra
vyri,4,coined-seeing,Coined from view/look/lens/gaze,2,available,available,,available,,available,https://crates.io/crates/vyri,https://packages.debian.org/search?keywords=vyri&searchon=names&suite=all&section=all,https://formulae.brew.sh/search?q=vyri,https://www.npmjs.com/package/vyri
vyua,4,coined-seeing,Coined from view/look/lens/gaze,2,available,available,,available,,available,https://crates.io/crates/vyua,https://packages.debian.org/search?keywords=vyua&searchon=names&suite=all&section=all,https://formulae.brew.sh/search?q=vyua,https://www.npmjs.com/package/vyua
vyui,4,coined-seeing,Coined from view/look/lens/gaze,2,available,available,,available,,available,https://crates.io/crates/vyui,https://packages.debian.org/search?keywords=vyui&searchon=names&suite=all&section=all,https://formulae.brew.sh/search?q=vyui,https://www.npmjs.com/package/vyui
vyuo,4,coined-seeing,Coined from view/look/lens/gaze,2,available,available,,available,,available,https://crates.io/crates/vyuo,https://packages.debian.org/search?keywords=vyuo&searchon=names&suite=all&section=all,https://formulae.brew.sh/search?q=vyuo,https://www.npmjs.com/package/vyuo
vyur,4,coined-seeing,Coined from view/look/lens/gaze,2,available,available,,available,,available,https://crates.io/crates/vyur,https://packages.debian.org/search?keywords=vyur&searchon=names&suite=all&section=all,https://formulae.brew.sh/search?q=vyur,https://www.npmjs.com/package/vyur
vyux,4,coined-seeing,Coined from view/look/lens/gaze,2,available,available,,available,,available,https://crates.io/crates/vyux,https://packages.debian.org/search?keywords=vyux&searchon=names&suite=all&section=all,https://formulae.brew.sh/search?q=vyux,https://www.npmjs.com/package/vyux
wheta,5,coined-craft,"Coined from forge, hone, fit, or making",2,available,available,,available,,available,https://crates.io/crates/wheta,https://packages.debian.org/search?keywords=wheta&searchon=names&suite=all&section=all,https://formulae.brew.sh/search?q=wheta,https://www.npmjs.com/package/wheta
wheto,5,coined-craft,"Coined from forge, hone, fit, or making",2,available,available,,available,,available,https://crates.io/crates/wheto,https://packages.debian.org/search?keywords=wheto&searchon=names&suite=all&section=all,https://formulae.brew.sh/search?q=wheto,https://www.npmjs.com/package/wheto
zesta,5,coined-cooking,"Coined from taste, proof, mise, or the pass",2,available,available,,available,,available,https://crates.io/crates/zesta,https://packages.debian.org/search?keywords=zesta&searchon=names&suite=all&section=all,https://formulae.brew.sh/search?q=zesta,https://www.npmjs.com/package/zesta
zesto,5,coined-cooking,"Coined from taste, proof, mise, or the pass",2,available,available,,available,,available,https://crates.io/crates/zesto,https://packages.debian.org/search?keywords=zesto&searchon=names&suite=all&section=all,https://formulae.brew.sh/search?q=zesto,https://www.npmjs.com/package/zesto
zestx,5,coined-cooking,"Coined from taste, proof, mise, or the pass",2,available,available,,available,,available,https://crates.io/crates/zestx,https://packages.debian.org/search?keywords=zestx&searchon=names&suite=all&section=all,https://formulae.brew.sh/search?q=zestx,https://www.npmjs.com/package/zestx
abide,5,persistence,Staying attached to the same underlying content,6,available,available,,available,,occupied,https://crates.io/crates/abide,https://packages.debian.org/search?keywords=abide&searchon=names&suite=all&section=all,https://formulae.brew.sh/search?q=abide,https://www.npmjs.com/package/abide
arris,5,finishing,A flaw or rough remnant found and removed during finishing,6,available,available,,available,,occupied,https://crates.io/crates/arris,https://packages.debian.org/search?keywords=arris&searchon=names&suite=all&section=all,https://formulae.brew.sh/search?q=arris,https://www.npmjs.com/package/arris
bitts,5,nautical-fastening,Specialist nautical fastening or anchor hardware,6,available,available,,available,,occupied,https://crates.io/crates/bitts,https://packages.debian.org/search?keywords=bitts&searchon=names&suite=all&section=all,https://formulae.brew.sh/search?q=bitts,https://www.npmjs.com/package/bitts
dwell,5,persistence,Staying attached to the same underlying content,6,available,available,,available,,occupied,https://crates.io/crates/dwell,https://packages.debian.org/search?keywords=dwell&searchon=names&suite=all&section=all,https://formulae.brew.sh/search?q=dwell,https://www.npmjs.com/package/dwell
frap,4,nautical-fastening,Specialist nautical fastening or anchor hardware,6,available,available,,available,,occupied,https://crates.io/crates/frap,https://packages.debian.org/search?keywords=frap&searchon=names&suite=all&section=all,https://formulae.brew.sh/search?q=frap,https://www.npmjs.com/package/frap
gono,4,metrology,A fixed reference or pass/fail measurement,6,available,available,,available,,occupied,https://crates.io/crates/gono,https://packages.debian.org/search?keywords=gono&searchon=names&suite=all&section=all,https://formulae.brew.sh/search?q=gono,https://www.npmjs.com/package/gono
inher,5,persistence,Staying attached to the same underlying content,6,available,available,,available,,occupied,https://crates.io/crates/inher,https://packages.debian.org/search?keywords=inher&searchon=names&suite=all&section=all,https://formulae.brew.sh/search?q=inher,https://www.npmjs.com/package/inher
nits,4,review-slang,Developer-review vocabulary or compact critique coinage,6,available,available,,available,,occupied,https://crates.io/crates/nits,https://packages.debian.org/search?keywords=nits&searchon=names&suite=all&section=all,https://formulae.brew.sh/search?q=nits,https://www.npmjs.com/package/nits
plim,4,approval-gate,"A punch list, rating, or permission to proceed",6,available,available,,available,,occupied,https://crates.io/crates/plim,https://packages.debian.org/search?keywords=plim&searchon=names&suite=all&section=all,https://formulae.brew.sh/search?q=plim,https://www.npmjs.com/package/plim
probo,5,judgment,"Judgment, approval, standards, or peer collaboration",6,available,available,,available,,occupied,https://crates.io/crates/probo,https://packages.debian.org/search?keywords=probo&searchon=names&suite=all&section=all,https://formulae.brew.sh/search?q=probo,https://www.npmjs.com/package/probo
synod,5,council,Peers meeting to discuss and reach judgment,6,available,available,,available,,occupied,https://crates.io/crates/synod,https://packages.debian.org/search?keywords=synod&searchon=names&suite=all&section=all,https://formulae.brew.sh/search?q=synod,https://www.npmjs.com/package/synod
tamis,5,inspection-rare,"Close examination, screening, or diagnostic work",6,available,available,,available,,occupied,https://crates.io/crates/tamis,https://packages.debian.org/search?keywords=tamis&searchon=names&suite=all&section=all,https://formulae.brew.sh/search?q=tamis,https://www.npmjs.com/package/tamis
ackit,5,review-slang,Developer-review vocabulary or compact critique coinage,5,available,available,,available,,occupied,https://crates.io/crates/ackit,https://packages.debian.org/search?keywords=ackit&searchon=names&suite=all&section=all,https://formulae.brew.sh/search?q=ackit,https://www.npmjs.com/package/ackit
annex,5,persistence,Staying attached to the same underlying content,5,available,available,,available,,occupied,https://crates.io/crates/annex,https://packages.debian.org/search?keywords=annex&searchon=names&suite=all&section=all,https://formulae.brew.sh/search?q=annex,https://www.npmjs.com/package/annex
ausco,5,inspection-rare,"Close examination, screening, or diagnostic work",5,available,available,,available,,occupied,https://crates.io/crates/ausco,https://packages.debian.org/search?keywords=ausco&searchon=names&suite=all&section=all,https://formulae.brew.sh/search?q=ausco,https://www.npmjs.com/package/ausco
cerno,5,judgment,"Judgment, approval, standards, or peer collaboration",5,available,available,,available,,occupied,https://crates.io/crates/cerno,https://packages.debian.org/search?keywords=cerno&searchon=names&suite=all&section=all,https://formulae.brew.sh/search?q=cerno,https://www.npmjs.com/package/cerno
critr,5,review-slang,Developer-review vocabulary or compact critique coinage,5,available,available,,available,,occupied,https://crates.io/crates/critr,https://packages.debian.org/search?keywords=critr&searchon=names&suite=all&section=all,https://formulae.brew.sh/search?q=critr,https://www.npmjs.com/package/critr
deye,4,nautical-fastening,Specialist nautical fastening or anchor hardware,5,available,available,,available,,occupied,https://crates.io/crates/deye,https://packages.debian.org/search?keywords=deye&searchon=names&suite=all&section=all,https://formulae.brew.sh/search?q=deye,https://www.npmjs.com/package/deye
emend,5,review,"Review, critique, discussion, or a second look",5,available,available,,available,,occupied,https://crates.io/crates/emend,https://packages.debian.org/search?keywords=emend&searchon=names&suite=all&section=all,https://formulae.brew.sh/search?q=emend,https://www.npmjs.com/package/emend
essai,5,classical,"Classical or cross-language root for seeing, testing, or judging",5,available,available,,available,,occupied,https://crates.io/crates/essai,https://packages.debian.org/search?keywords=essai&searchon=names&suite=all&section=all,https://formulae.brew.sh/search?q=essai,https://www.npmjs.com/package/essai
gage,4,metrology,A fixed reference or pass/fail measurement,5,available,available,,available,,occupied,https://crates.io/crates/gage,https://packages.debian.org/search?keywords=gage&searchon=names&suite=all&section=all,https://formulae.brew.sh/search?q=gage,https://www.npmjs.com/package/gage
infix,5,persistence,Staying attached to the same underlying content,5,available,available,,available,,occupied,https://crates.io/crates/infix,https://packages.debian.org/search?keywords=infix&searchon=names&suite=all&section=all,https://formulae.brew.sh/search?q=infix,https://www.npmjs.com/package/infix
inkit,5,review-slang,Developer-review vocabulary or compact critique coinage,5,available,available,,available,,occupied,https://crates.io/crates/inkit,https://packages.debian.org/search?keywords=inkit&searchon=names&suite=all&section=all,https://formulae.brew.sh/search?q=inkit,https://www.npmjs.com/package/inkit
kolla,5,classical,"Classical or cross-language root for seeing, testing, or judging",5,available,available,,available,,occupied,https://crates.io/crates/kolla,https://packages.debian.org/search?keywords=kolla&searchon=names&suite=all&section=all,https://formulae.brew.sh/search?q=kolla,https://www.npmjs.com/package/kolla
markr,5,review-slang,Developer-review vocabulary or compact critique coinage,5,available,available,,available,,occupied,https://crates.io/crates/markr,https://packages.debian.org/search?keywords=markr&searchon=names&suite=all&section=all,https://formulae.brew.sh/search?q=markr,https://www.npmjs.com/package/markr
marl,4,nautical-fastening,Specialist nautical fastening or anchor hardware,5,available,available,,available,,occupied,https://crates.io/crates/marl,https://packages.debian.org/search?keywords=marl&searchon=names&suite=all&section=all,https://formulae.brew.sh/search?q=marl,https://www.npmjs.com/package/marl
moor,4,anchoring,"Fastening, persistence, or content anchoring",5,available,occupied,binary forky; binary sid; source archive,occupied,formula,occupied,https://crates.io/crates/moor,https://packages.debian.org/search?keywords=moor&searchon=names&suite=all&section=all,https://formulae.brew.sh/search?q=moor,https://www.npmjs.com/package/moor
nitty,5,review-slang,Developer-review vocabulary or compact critique coinage,5,available,available,,available,,occupied,https://crates.io/crates/nitty,https://packages.debian.org/search?keywords=nitty&searchon=names&suite=all&section=all,https://formulae.brew.sh/search?q=nitty,https://www.npmjs.com/package/nitty
palp,4,inspection-rare,"Close examination, screening, or diagnostic work",5,available,occupied,binary bookworm; binary bullseye; binary forky; binary sid; binary trixie; source archive,available,,available,https://crates.io/crates/palp,https://packages.debian.org/search?keywords=palp&searchon=names&suite=all&section=all,https://formulae.brew.sh/search?q=palp,https://www.npmjs.com/package/palp
peer,4,review,"Review, critique, discussion, or a second look",5,available,available,,available,,occupied,https://crates.io/crates/peer,https://packages.debian.org/search?keywords=peer&searchon=names&suite=all&section=all,https://formulae.brew.sh/search?q=peer,https://www.npmjs.com/package/peer
prova,5,classical,"Classical or cross-language root for seeing, testing, or judging",5,available,available,,available,,occupied,https://crates.io/crates/prova,https://packages.debian.org/search?keywords=prova&searchon=names&suite=all&section=all,https://formulae.brew.sh/search?q=prova,https://www.npmjs.com/package/prova
pruf,4,languages,"Compact root for review, rereading, or scrutiny in another language",5,available,available,,available,,occupied,https://crates.io/crates/pruf,https://packages.debian.org/search?keywords=pruf&searchon=names&suite=all&section=all,https://formulae.brew.sh/search?q=pruf,https://www.npmjs.com/package/pruf
recto,5,editorial,"Editorial, manuscript, or proofing metaphor",5,available,available,,available,,occupied,https://crates.io/crates/recto,https://packages.debian.org/search?keywords=recto&searchon=names&suite=all&section=all,https://formulae.brew.sh/search?q=recto,https://www.npmjs.com/package/recto
revu,4,review,"Review, critique, discussion, or a second look",5,available,available,,available,,occupied,https://crates.io/crates/revu,https://packages.debian.org/search?keywords=revu&searchon=names&suite=all&section=all,https://formulae.brew.sh/search?q=revu,https://www.npmjs.com/package/revu
sigl,4,editorial-marks,Historic proofreading or textual-annotation mark,5,available,available,,available,,occupied,https://crates.io/crates/sigl,https://packages.debian.org/search?keywords=sigl&searchon=names&suite=all&section=all,https://formulae.brew.sh/search?q=sigl,https://www.npmjs.com/package/sigl
taste,5,cooking,"Cooking, tasting, preparation, or the pass",5,available,available,,available,,occupied,https://crates.io/crates/taste,https://packages.debian.org/search?keywords=taste&searchon=names&suite=all&section=all,https://formulae.brew.sh/search?q=taste,https://www.npmjs.com/package/taste
tryst,5,council,Peers meeting to discuss and reach judgment,5,available,available,,available,,occupied,https://crates.io/crates/tryst,https://packages.debian.org/search?keywords=tryst&searchon=names&suite=all&section=all,https://formulae.brew.sh/search?q=tryst,https://www.npmjs.com/package/tryst
witan,5,judgment,"Judgment, approval, standards, or peer collaboration",5,available,available,,available,,occupied,https://crates.io/crates/witan,https://packages.debian.org/search?keywords=witan&searchon=names&suite=all&section=all,https://formulae.brew.sh/search?q=witan,https://www.npmjs.com/package/witan
amend,5,review,"Review, critique, discussion, or a second look",4,available,available,,available,,occupied,https://crates.io/crates/amend,https://packages.debian.org/search?keywords=amend&searchon=names&suite=all&section=all,https://formulae.brew.sh/search?q=amend,https://www.npmjs.com/package/amend
aone,4,approval-gate,"A punch list, rating, or permission to proceed",4,available,available,,available,,occupied,https://crates.io/crates/aone,https://packages.debian.org/search?keywords=aone&searchon=names&suite=all&section=all,https://formulae.brew.sh/search?q=aone,https://www.npmjs.com/package/aone
barge,5,shipping,"Shipping, navigation, readiness, or a quality gate",4,available,available,,available,,occupied,https://crates.io/crates/barge,https://packages.debian.org/search?keywords=barge&searchon=names&suite=all&section=all,https://formulae.brew.sh/search?q=barge,https://www.npmjs.com/package/barge
dhow,4,shipping,"Shipping, navigation, readiness, or a quality gate",4,available,available,,available,,occupied,https://crates.io/crates/dhow,https://packages.debian.org/search?keywords=dhow&searchon=names&suite=all&section=all,https://formulae.brew.sh/search?q=dhow,https://www.npmjs.com/package/dhow
frete,5,shipping,"Shipping, navigation, readiness, or a quality gate",4,available,available,,available,,occupied,https://crates.io/crates/frete,https://packages.debian.org/search?keywords=frete&searchon=names&suite=all&section=all,https://formulae.brew.sh/search?q=frete,https://www.npmjs.com/package/frete
ketch,5,shipping,"Shipping, navigation, readiness, or a quality gate",4,available,available,,available,,occupied,https://crates.io/crates/ketch,https://packages.debian.org/search?keywords=ketch&searchon=names&suite=all&section=all,https://formulae.brew.sh/search?q=ketch,https://www.npmjs.com/package/ketch
opine,5,review,"Review, critique, discussion, or a second look",4,available,available,,available,,occupied,https://crates.io/crates/opine,https://packages.debian.org/search?keywords=opine&searchon=names&suite=all&section=all,https://formulae.brew.sh/search?q=opine,https://www.npmjs.com/package/opine
savor,5,cooking,"Cooking, tasting, preparation, or the pass",4,available,available,,available,,occupied,https://crates.io/crates/savor,https://packages.debian.org/search?keywords=savor&searchon=names&suite=all&section=all,https://formulae.brew.sh/search?q=savor,https://www.npmjs.com/package/savor
scar,4,finishing,A flaw or rough remnant found and removed during finishing,4,available,available,,available,,occupied,https://crates.io/crates/scar,https://packages.debian.org/search?keywords=scar&searchon=names&suite=all&section=all,https://formulae.brew.sh/search?q=scar,https://www.npmjs.com/package/scar
scrip,5,metrology,A fixed reference or pass/fail measurement,4,available,available,,available,,occupied,https://crates.io/crates/scrip,https://packages.debian.org/search?keywords=scrip&searchon=names&suite=all&section=all,https://formulae.brew.sh/search?q=scrip,https://www.npmjs.com/package/scrip
skew,4,finishing,A flaw or rough remnant found and removed during finishing,4,available,available,,available,,occupied,https://crates.io/crates/skew,https://packages.debian.org/search?keywords=skew&searchon=names&suite=all&section=all,https://formulae.brew.sh/search?q=skew,https://www.npmjs.com/package/skew
snub,4,anchoring,"Fastening, persistence, or content anchoring",4,available,available,,available,,occupied,https://crates.io/crates/snub,https://packages.debian.org/search?keywords=snub&searchon=names&suite=all&section=all,https://formulae.brew.sh/search?q=snub,https://www.npmjs.com/package/snub
thing,5,council,Peers meeting to discuss and reach judgment,4,available,available,,available,,occupied,https://crates.io/crates/thing,https://packages.debian.org/search?keywords=thing&searchon=names&suite=all&section=all,https://formulae.brew.sh/search?q=thing,https://www.npmjs.com/package/thing
trial,5,review,"Review, critique, discussion, or a second look",4,available,available,,available,,occupied,https://crates.io/crates/trial,https://packages.debian.org/search?keywords=trial&searchon=names&suite=all&section=all,https://formulae.brew.sh/search?q=trial,https://www.npmjs.com/package/trial
ack,3,review,"Review, critique, discussion, or a second look",3,available,occupied,binary bookworm; binary bullseye; binary forky; binary sid; binary trixie; source archive,occupied,formula,occupied,https://crates.io/crates/ack,https://packages.debian.org/search?keywords=ack&searchon=names&suite=all&section=all,https://formulae.brew.sh/search?q=ack,https://www.npmjs.com/package/ack
annot,5,review,"Review, critique, discussion, or a second look",3,available,available,,available,,occupied,https://crates.io/crates/annot,https://packages.debian.org/search?keywords=annot&searchon=names&suite=all&section=all,https://formulae.brew.sh/search?q=annot,https://www.npmjs.com/package/annot
apt,3,inspection,"Looking closely, measuring, testing, or finding defects",3,available,occupied,binary bookworm; binary bullseye; binary forky; binary sid; binary trixie; source archive,occupied,formula,occupied,https://crates.io/crates/apt,https://packages.debian.org/search?keywords=apt&searchon=names&suite=all&section=all,https://formulae.brew.sh/search?q=apt,https://www.npmjs.com/package/apt
baste,5,cooking,"Cooking, tasting, preparation, or the pass",3,available,available,,available,,occupied,https://crates.io/crates/baste,https://packages.debian.org/search?keywords=baste&searchon=names&suite=all&section=all,https://formulae.brew.sh/search?q=baste,https://www.npmjs.com/package/baste
bevel,5,inspection,"Looking closely, measuring, testing, or finding defects",3,available,available,,available,,occupied,https://crates.io/crates/bevel,https://packages.debian.org/search?keywords=bevel&searchon=names&suite=all&section=all,https://formulae.brew.sh/search?q=bevel,https://www.npmjs.com/package/bevel
brad,4,anchoring,"Fastening, persistence, or content anchoring",3,available,available,,available,,occupied,https://crates.io/crates/brad,https://packages.debian.org/search?keywords=brad&searchon=names&suite=all&section=all,https://formulae.brew.sh/search?q=brad,https://www.npmjs.com/package/brad
broil,5,cooking,"Cooking, tasting, preparation, or the pass",3,available,available,,available,,occupied,https://crates.io/crates/broil,https://packages.debian.org/search?keywords=broil&searchon=names&suite=all&section=all,https://formulae.brew.sh/search?q=broil,https://www.npmjs.com/package/broil
broth,5,cooking,"Cooking, tasting, preparation, or the pass",3,available,available,,available,,occupied,https://crates.io/crates/broth,https://packages.debian.org/search?keywords=broth&searchon=names&suite=all&section=all,https://formulae.brew.sh/search?q=broth,https://www.npmjs.com/package/broth
clear,5,inspection,"Looking closely, measuring, testing, or finding defects",3,available,available,,available,,occupied,https://crates.io/crates/clear,https://packages.debian.org/search?keywords=clear&searchon=names&suite=all&section=all,https://formulae.brew.sh/search?q=clear,https://www.npmjs.com/package/clear
coat,4,craft,"Building, fitting, sharpening, or finishing work",3,available,available,,available,,occupied,https://crates.io/crates/coat,https://packages.debian.org/search?keywords=coat&searchon=names&suite=all&section=all,https://formulae.brew.sh/search?q=coat,https://www.npmjs.com/package/coat
debug,5,inspection,"Looking closely, measuring, testing, or finding defects",3,available,available,,available,,occupied,https://crates.io/crates/debug,https://packages.debian.org/search?keywords=debug&searchon=names&suite=all&section=all,https://formulae.brew.sh/search?q=debug,https://www.npmjs.com/package/debug
deem,4,review,"Review, critique, discussion, or a second look",3,available,available,,available,,occupied,https://crates.io/crates/deem,https://packages.debian.org/search?keywords=deem&searchon=names&suite=all&section=all,https://formulae.brew.sh/search?q=deem,https://www.npmjs.com/package/deem
dockr,5,shipping,"Shipping, navigation, readiness, or a quality gate",3,available,available,,available,,occupied,https://crates.io/crates/dockr,https://packages.debian.org/search?keywords=dockr&searchon=names&suite=all&section=all,https://formulae.brew.sh/search?q=dockr,https://www.npmjs.com/package/dockr
exact,5,inspection,"Looking closely, measuring, testing, or finding defects",3,available,available,,available,,occupied,https://crates.io/crates/exact,https://packages.debian.org/search?keywords=exact&searchon=names&suite=all&section=all,https://formulae.brew.sh/search?q=exact,https://www.npmjs.com/package/exact
fault,5,diagnosis,"Diagnosis, observability, or health-check metaphor",3,available,available,,available,,occupied,https://crates.io/crates/fault,https://packages.debian.org/search?keywords=fault&searchon=names&suite=all&section=all,https://formulae.brew.sh/search?q=fault,https://www.npmjs.com/package/fault
guide,5,judgment,"Judgment, approval, standards, or peer collaboration",3,available,available,,available,,occupied,https://crates.io/crates/guide,https://packages.debian.org/search?keywords=guide&searchon=names&suite=all&section=all,https://formulae.brew.sh/search?q=guide,https://www.npmjs.com/package/guide
jibe,4,shipping,"Shipping, navigation, readiness, or a quality gate",3,available,available,,available,,occupied,https://crates.io/crates/jibe,https://packages.debian.org/search?keywords=jibe&searchon=names&suite=all&section=all,https://formulae.brew.sh/search?q=jibe,https://www.npmjs.com/package/jibe
judge,5,review,"Review, critique, discussion, or a second look",3,available,available,,available,,occupied,https://crates.io/crates/judge,https://packages.debian.org/search?keywords=judge&searchon=names&suite=all&section=all,https://formulae.brew.sh/search?q=judge,https://www.npmjs.com/package/judge
jury,4,review,"Review, critique, discussion, or a second look",3,available,available,,available,,occupied,https://crates.io/crates/jury,https://packages.debian.org/search?keywords=jury&searchon=names&suite=all&section=all,https://formulae.brew.sh/search?q=jury,https://www.npmjs.com/package/jury
knead,5,cooking,"Cooking, tasting, preparation, or the pass",3,available,available,,available,,occupied,https://crates.io/crates/knead,https://packages.debian.org/search?keywords=knead&searchon=names&suite=all&section=all,https://formulae.brew.sh/search?q=knead,https://www.npmjs.com/package/knead
laden,5,shipping,"Shipping, navigation, readiness, or a quality gate",3,available,available,,available,,occupied,https://crates.io/crates/laden,https://packages.debian.org/search?keywords=laden&searchon=names&suite=all&section=all,https://formulae.brew.sh/search?q=laden,https://www.npmjs.com/package/laden
loade,5,shipping,"Shipping, navigation, readiness, or a quality gate",3,available,available,,available,,occupied,https://crates.io/crates/loade,https://packages.debian.org/search?keywords=loade&searchon=names&suite=all&section=all,https://formulae.brew.sh/search?q=loade,https://www.npmjs.com/package/loade
looks,5,review,"Review, critique, discussion, or a second look",3,available,available,,available,,occupied,https://crates.io/crates/looks,https://packages.debian.org/search?keywords=looks&searchon=names&suite=all&section=all,https://formulae.brew.sh/search?q=looks,https://www.npmjs.com/package/looks
mast,4,shipping,"Shipping, navigation, readiness, or a quality gate",3,available,available,,available,,occupied,https://crates.io/crates/mast,https://packages.debian.org/search?keywords=mast&searchon=names&suite=all&section=all,https://formulae.brew.sh/search?q=mast,https://www.npmjs.com/package/mast
note,4,review,"Review, critique, discussion, or a second look",3,available,occupied,binary bookworm; binary bullseye; binary forky; binary sid; binary trixie; source archive,available,,occupied,https://crates.io/crates/note,https://packages.debian.org/search?keywords=note&searchon=names&suite=all&section=all,https://formulae.brew.sh/search?q=note,https://www.npmjs.com/package/note
oar,3,shipping,"Shipping, navigation, readiness, or a quality gate",3,available,occupied,source archive,available,,occupied,https://crates.io/crates/oar,https://packages.debian.org/search?keywords=oar&searchon=names&suite=all&section=all,https://formulae.brew.sh/search?q=oar,https://www.npmjs.com/package/oar
peers,5,review,"Review, critique, discussion, or a second look",3,available,available,,available,,occupied,https://crates.io/crates/peers,https://packages.debian.org/search?keywords=peers&searchon=names&suite=all&section=all,https://formulae.brew.sh/search?q=peers,https://www.npmjs.com/package/peers
reads,5,review,"Review, critique, discussion, or a second look",3,available,available,,available,,occupied,https://crates.io/crates/reads,https://packages.debian.org/search?keywords=reads&searchon=names&suite=all&section=all,https://formulae.brew.sh/search?q=reads,https://www.npmjs.com/package/reads
reck,4,review,"Review, critique, discussion, or a second look",3,available,available,,available,,occupied,https://crates.io/crates/reck,https://packages.debian.org/search?keywords=reck&searchon=names&suite=all&section=all,https://formulae.brew.sh/search?q=reck,https://www.npmjs.com/package/reck
redos,5,review,"Review, critique, discussion, or a second look",3,available,available,,available,,occupied,https://crates.io/crates/redos,https://packages.debian.org/search?keywords=redos&searchon=names&suite=all&section=all,https://formulae.brew.sh/search?q=redos,https://www.npmjs.com/package/redos
resee,5,review,"Review, critique, discussion, or a second look",3,available,available,,available,,occupied,https://crates.io/crates/resee,https://packages.debian.org/search?keywords=resee&searchon=names&suite=all&section=all,https://formulae.brew.sh/search?q=resee,https://www.npmjs.com/package/resee
revit,5,review,"Review, critique, discussion, or a second look",3,available,available,,available,,occupied,https://crates.io/crates/revit,https://packages.debian.org/search?keywords=revit&searchon=names&suite=all&section=all,https://formulae.brew.sh/search?q=revit,https://www.npmjs.com/package/revit
scale,5,inspection,"Looking closely, measuring, testing, or finding defects",3,available,available,,available,,occupied,https://crates.io/crates/scale,https://packages.debian.org/search?keywords=scale&searchon=names&suite=all&section=all,https://formulae.brew.sh/search?q=scale,https://www.npmjs.com/package/scale
scull,5,shipping,"Shipping, navigation, readiness, or a quality gate",3,available,available,,available,,occupied,https://crates.io/crates/scull,https://packages.debian.org/search?keywords=scull&searchon=names&suite=all&section=all,https://formulae.brew.sh/search?q=scull,https://www.npmjs.com/package/scull
ships,5,shipping,"Shipping, navigation, readiness, or a quality gate",3,available,available,,available,,occupied,https://crates.io/crates/ships,https://packages.debian.org/search?keywords=ships&searchon=names&suite=all&section=all,https://formulae.brew.sh/search?q=ships,https://www.npmjs.com/package/ships
steep,5,cooking,"Cooking, tasting, preparation, or the pass",3,available,available,,available,,occupied,https://crates.io/crates/steep,https://packages.debian.org/search?keywords=steep&searchon=names&suite=all&section=all,https://formulae.brew.sh/search?q=steep,https://www.npmjs.com/package/steep
stern,5,shipping,"Shipping, navigation, readiness, or a quality gate",3,available,available,,occupied,formula,occupied,https://crates.io/crates/stern,https://packages.debian.org/search?keywords=stern&searchon=names&suite=all&section=all,https://formulae.brew.sh/search?q=stern,https://www.npmjs.com/package/stern
taut,4,anchoring,"Fastening, persistence, or content anchoring",3,available,available,,available,,occupied,https://crates.io/crates/taut,https://packages.debian.org/search?keywords=taut&searchon=names&suite=all&section=all,https://formulae.brew.sh/search?q=taut,https://www.npmjs.com/package/taut
tutor,5,judgment,"Judgment, approval, standards, or peer collaboration",3,available,available,,available,,occupied,https://crates.io/crates/tutor,https://packages.debian.org/search?keywords=tutor&searchon=names&suite=all&section=all,https://formulae.brew.sh/search?q=tutor,https://www.npmjs.com/package/tutor
wares,5,shipping,"Shipping, navigation, readiness, or a quality gate",3,available,available,,available,,occupied,https://crates.io/crates/wares,https://packages.debian.org/search?keywords=wares&searchon=names&suite=all&section=all,https://formulae.brew.sh/search?q=wares,https://www.npmjs.com/package/wares
weed,4,inspection,"Looking closely, measuring, testing, or finding defects",3,available,available,,available,,occupied,https://crates.io/crates/weed,https://packages.debian.org/search?keywords=weed&searchon=names&suite=all&section=all,https://formulae.brew.sh/search?q=weed,https://www.npmjs.com/package/weed
wisk,4,cooking-rare,"Specialist tasting, sieving, or kitchen quality-control term",3,available,available,,available,,occupied,https://crates.io/crates/wisk,https://packages.debian.org/search?keywords=wisk&searchon=names&suite=all&section=all,https://formulae.brew.sh/search?q=wisk,https://www.npmjs.com/package/wisk
worth,5,judgment,"Judgment, approval, standards, or peer collaboration",3,available,available,,available,,occupied,https://crates.io/crates/worth,https://packages.debian.org/search?keywords=worth&searchon=names&suite=all&section=all,https://formulae.brew.sh/search?q=worth,https://www.npmjs.com/package/worth
yea,3,judgment,"Judgment, approval, standards, or peer collaboration",3,available,available,,available,,occupied,https://crates.io/crates/yea,https://packages.debian.org/search?keywords=yea&searchon=names&suite=all&section=all,https://formulae.brew.sh/search?q=yea,https://www.npmjs.com/package/yea
ache,4,diagnosis,"Diagnosis, observability, or health-check metaphor",2,available,available,,available,,occupied,https://crates.io/crates/ache,https://packages.debian.org/search?keywords=ache&searchon=names&suite=all&section=all,https://formulae.brew.sh/search?q=ache,https://www.npmjs.com/package/ache
anker,5,coined-anchor,"Coined from moor, anchor, bind, or rivet",2,available,available,,available,,occupied,https://crates.io/crates/anker,https://packages.debian.org/search?keywords=anker&searchon=names&suite=all&section=all,https://formulae.brew.sh/search?q=anker,https://www.npmjs.com/package/anker
antra,5,coined-notes,"Coined from note, mark, or annotation",2,available,available,,available,,occupied,https://crates.io/crates/antra,https://packages.debian.org/search?keywords=antra&searchon=names&suite=all&section=all,https://formulae.brew.sh/search?q=antra,https://www.npmjs.com/package/antra
bases,5,code,"Code review, diffs, patches, or Git objects",2,available,available,,available,,occupied,https://crates.io/crates/bases,https://packages.debian.org/search?keywords=bases&searchon=names&suite=all&section=all,https://formulae.brew.sh/search?q=bases,https://www.npmjs.com/package/bases
basta,5,coined-cooking,"Coined from taste, proof, mise, or the pass",2,available,available,,available,,occupied,https://crates.io/crates/basta,https://packages.debian.org/search?keywords=basta&searchon=names&suite=all&section=all,https://formulae.brew.sh/search?q=basta,https://www.npmjs.com/package/basta
basto,5,coined-cooking,"Coined from taste, proof, mise, or the pass",2,available,available,,available,,occupied,https://crates.io/crates/basto,https://packages.debian.org/search?keywords=basto&searchon=names&suite=all&section=all,https://formulae.brew.sh/search?q=basto,https://www.npmjs.com/package/basto
binda,5,coined-anchor,"Coined from moor, anchor, bind, or rivet",2,available,available,,available,,occupied,https://crates.io/crates/binda,https://packages.debian.org/search?keywords=binda&searchon=names&suite=all&section=all,https://formulae.brew.sh/search?q=binda,https://www.npmjs.com/package/binda
bindi,5,coined-anchor,"Coined from moor, anchor, bind, or rivet",2,available,available,,available,,occupied,https://crates.io/crates/bindi,https://packages.debian.org/search?keywords=bindi&searchon=names&suite=all&section=all,https://formulae.brew.sh/search?q=bindi,https://www.npmjs.com/package/bindi
bindo,5,coined-anchor,"Coined from moor, anchor, bind, or rivet",2,available,available,,available,,occupied,https://crates.io/crates/bindo,https://packages.debian.org/search?keywords=bindo&searchon=names&suite=all&section=all,https://formulae.brew.sh/search?q=bindo,https://www.npmjs.com/package/bindo
bindu,5,coined-anchor,"Coined from moor, anchor, bind, or rivet",2,available,available,,available,,occupied,https://crates.io/crates/bindu,https://packages.debian.org/search?keywords=bindu&searchon=names&suite=all&section=all,https://formulae.brew.sh/search?q=bindu,https://www.npmjs.com/package/bindu
bondo,5,coined-anchor,"Coined from moor, anchor, bind, or rivet",2,available,available,,available,,occupied,https://crates.io/crates/bondo,https://packages.debian.org/search?keywords=bondo&searchon=names&suite=all&section=all,https://formulae.brew.sh/search?q=bondo,https://www.npmjs.com/package/bondo
cheki,5,coined-checking,Coined from check/test/assay,2,available,available,,available,,occupied,https://crates.io/crates/cheki,https://packages.debian.org/search?keywords=cheki&searchon=names&suite=all&section=all,https://formulae.brew.sh/search?q=cheki,https://www.npmjs.com/package/cheki
chkit,5,coined-checking,Coined from check/test/assay,2,available,available,,available,,occupied,https://crates.io/crates/chkit,https://packages.debian.org/search?keywords=chkit&searchon=names&suite=all&section=all,https://formulae.brew.sh/search?q=chkit,https://www.npmjs.com/package/chkit
chkr,4,coined-checking,Coined from check/test/assay,2,available,available,,available,,occupied,https://crates.io/crates/chkr,https://packages.debian.org/search?keywords=chkr&searchon=names&suite=all&section=all,https://formulae.brew.sh/search?q=chkr,https://www.npmjs.com/package/chkr
cough,5,diagnosis,"Diagnosis, observability, or health-check metaphor",2,available,available,,available,,occupied,https://crates.io/crates/cough,https://packages.debian.org/search?keywords=cough&searchon=names&suite=all&section=all,https://formulae.brew.sh/search?q=cough,https://www.npmjs.com/package/cough
crivo,5,coined-critique,Coined from critique/critic,2,available,available,,available,,occupied,https://crates.io/crates/crivo,https://packages.debian.org/search?keywords=crivo&searchon=names&suite=all&section=all,https://formulae.brew.sh/search?q=crivo,https://www.npmjs.com/package/crivo
diffi,5,coined-diff,"Coined from diff, hunk, patch, or merge",2,available,available,,available,,occupied,https://crates.io/crates/diffi,https://packages.debian.org/search?keywords=diffi&searchon=names&suite=all&section=all,https://formulae.brew.sh/search?q=diffi,https://www.npmjs.com/package/diffi
docka,5,coined-shipping,"Coined from ship, dock, quay, or readiness",2,available,available,,available,,occupied,https://crates.io/crates/docka,https://packages.debian.org/search?keywords=docka&searchon=names&suite=all&section=all,https://formulae.brew.sh/search?q=docka,https://www.npmjs.com/package/docka
dockx,5,coined-shipping,"Coined from ship, dock, quay, or readiness",2,available,available,,occupied,cask,available,https://crates.io/crates/dockx,https://packages.debian.org/search?keywords=dockx&searchon=names&suite=all&section=all,https://formulae.brew.sh/search?q=dockx,https://www.npmjs.com/package/dockx
docky,5,coined-shipping,"Coined from ship, dock, quay, or readiness",2,available,occupied,source archive,available,,occupied,https://crates.io/crates/docky,https://packages.debian.org/search?keywords=docky&searchon=names&suite=all&section=all,https://formulae.brew.sh/search?q=docky,https://www.npmjs.com/package/docky
forgi,5,coined-craft,"Coined from forge, hone, fit, or making",2,available,available,,available,,occupied,https://crates.io/crates/forgi,https://packages.debian.org/search?keywords=forgi&searchon=names&suite=all&section=all,https://formulae.brew.sh/search?q=forgi,https://www.npmjs.com/package/forgi
forgo,5,coined-craft,"Coined from forge, hone, fit, or making",2,available,available,,available,,occupied,https://crates.io/crates/forgo,https://packages.debian.org/search?keywords=forgo&searchon=names&suite=all&section=all,https://formulae.brew.sh/search?q=forgo,https://www.npmjs.com/package/forgo
forgr,5,coined-craft,"Coined from forge, hone, fit, or making",2,available,available,,available,,occupied,https://crates.io/crates/forgr,https://packages.debian.org/search?keywords=forgr&searchon=names&suite=all&section=all,https://formulae.brew.sh/search?q=forgr,https://www.npmjs.com/package/forgr
found,5,finding,"Discovery, signal, illumination, or bringing issues to light",2,available,available,,available,,occupied,https://crates.io/crates/found,https://packages.debian.org/search?keywords=found&searchon=names&suite=all&section=all,https://formulae.brew.sh/search?q=found,https://www.npmjs.com/package/found
gazer,5,coined-seeing,Coined from view/look/lens/gaze,2,available,available,,available,,occupied,https://crates.io/crates/gazer,https://packages.debian.org/search?keywords=gazer&searchon=names&suite=all&section=all,https://formulae.brew.sh/search?q=gazer,https://www.npmjs.com/package/gazer
grady,5,coined-quality,Coined around quality gates and approval,2,available,available,,available,,occupied,https://crates.io/crates/grady,https://packages.debian.org/search?keywords=grady&searchon=names&suite=all&section=all,https://formulae.brew.sh/search?q=grady,https://www.npmjs.com/package/grady
heads,5,code,"Code review, diffs, patches, or Git objects",2,available,available,,available,,occupied,https://crates.io/crates/heads,https://packages.debian.org/search?keywords=heads&searchon=names&suite=all&section=all,https://formulae.brew.sh/search?q=heads,https://www.npmjs.com/package/heads
helma,5,coined-shipping,"Coined from ship, dock, quay, or readiness",2,available,available,,available,,occupied,https://crates.io/crates/helma,https://packages.debian.org/search?keywords=helma&searchon=names&suite=all&section=all,https://formulae.brew.sh/search?q=helma,https://www.npmjs.com/package/helma
hem,3,material,"Materials, structure, and durable workmanship",2,available,available,,available,,occupied,https://crates.io/crates/hem,https://packages.debian.org/search?keywords=hem&searchon=names&suite=all&section=all,https://formulae.brew.sh/search?q=hem,https://www.npmjs.com/package/hem
hint,4,finding,"Discovery, signal, illumination, or bringing issues to light",2,available,available,,available,,occupied,https://crates.io/crates/hint,https://packages.debian.org/search?keywords=hint&searchon=names&suite=all&section=all,https://formulae.brew.sh/search?q=hint,https://www.npmjs.com/package/hint
hunky,5,coined-diff,"Coined from diff, hunk, patch, or merge",2,available,available,,available,,occupied,https://crates.io/crates/hunky,https://packages.debian.org/search?keywords=hunky&searchon=names&suite=all&section=all,https://formulae.brew.sh/search?q=hunky,https://www.npmjs.com/package/hunky
inspo,5,coined-inspection,Coined from inspect/spec/scope,2,available,available,,available,,occupied,https://crates.io/crates/inspo,https://packages.debian.org/search?keywords=inspo&searchon=names&suite=all&section=all,https://formulae.brew.sh/search?q=inspo,https://www.npmjs.com/package/inspo
inspx,5,coined-inspection,Coined from inspect/spec/scope,2,available,available,,available,,occupied,https://crates.io/crates/inspx,https://packages.debian.org/search?keywords=inspx&searchon=names&suite=all&section=all,https://formulae.brew.sh/search?q=inspx,https://www.npmjs.com/package/inspx
joint,5,material,"Materials, structure, and durable workmanship",2,available,available,,available,,occupied,https://crates.io/crates/joint,https://packages.debian.org/search?keywords=joint&searchon=names&suite=all&section=all,https://formulae.brew.sh/search?q=joint,https://www.npmjs.com/package/joint
kriti,5,coined-critique,Coined from critique/critic,2,available,available,,available,,occupied,https://crates.io/crates/kriti,https://packages.debian.org/search?keywords=kriti&searchon=names&suite=all&section=all,https://formulae.brew.sh/search?q=kriti,https://www.npmjs.com/package/kriti
krito,5,coined-critique,Coined from critique/critic,2,available,available,,available,,occupied,https://crates.io/crates/krito,https://packages.debian.org/search?keywords=krito&searchon=names&suite=all&section=all,https://formulae.brew.sh/search?q=krito,https://www.npmjs.com/package/krito
kriva,5,coined-critique,Coined from critique/critic,2,available,available,,available,,occupied,https://crates.io/crates/kriva,https://packages.debian.org/search?keywords=kriva&searchon=names&suite=all&section=all,https://formulae.brew.sh/search?q=kriva,https://www.npmjs.com/package/kriva
labs,4,diagnosis,"Diagnosis, observability, or health-check metaphor",2,available,available,,available,,occupied,https://crates.io/crates/labs,https://packages.debian.org/search?keywords=labs&searchon=names&suite=all&section=all,https://formulae.brew.sh/search?q=labs,https://www.npmjs.com/package/labs
light,5,finding,"Discovery, signal, illumination, or bringing issues to light",2,available,occupied,binary bookworm; binary bullseye; binary forky; binary sid; binary trixie; source archive,available,,occupied,https://crates.io/crates/light,https://packages.debian.org/search?keywords=light&searchon=names&suite=all&section=all,https://formulae.brew.sh/search?q=light,https://www.npmjs.com/package/light
loka,4,coined-seeing,Coined from view/look/lens/gaze,2,available,available,,available,,occupied,https://crates.io/crates/loka,https://packages.debian.org/search?keywords=loka&searchon=names&suite=all&section=all,https://formulae.brew.sh/search?q=loka,https://www.npmjs.com/package/loka
looky,5,coined-seeing,Coined from view/look/lens/gaze,2,available,available,,available,,occupied,https://crates.io/crates/looky,https://packages.debian.org/search?keywords=looky&searchon=names&suite=all&section=all,https://formulae.brew.sh/search?q=looky,https://www.npmjs.com/package/looky
maka,4,coined-craft,"Coined from forge, hone, fit, or making",2,available,available,,available,,occupied,https://crates.io/crates/maka,https://packages.debian.org/search?keywords=maka&searchon=names&suite=all&section=all,https://formulae.brew.sh/search?q=maka,https://www.npmjs.com/package/maka
makit,5,coined-craft,"Coined from forge, hone, fit, or making",2,available,available,,available,,occupied,https://crates.io/crates/makit,https://packages.debian.org/search?keywords=makit&searchon=names&suite=all&section=all,https://formulae.brew.sh/search?q=makit,https://www.npmjs.com/package/makit
makra,5,coined-craft,"Coined from forge, hone, fit, or making",2,available,available,,available,,occupied,https://crates.io/crates/makra,https://packages.debian.org/search?keywords=makra&searchon=names&suite=all&section=all,https://formulae.brew.sh/search?q=makra,https://www.npmjs.com/package/makra
makro,5,coined-craft,"Coined from forge, hone, fit, or making",2,available,available,,available,,occupied,https://crates.io/crates/makro,https://packages.debian.org/search?keywords=makro&searchon=names&suite=all&section=all,https://formulae.brew.sh/search?q=makro,https://www.npmjs.com/package/makro
marka,5,coined-notes,"Coined from note, mark, or annotation",2,available,available,,available,,occupied,https://crates.io/crates/marka,https://packages.debian.org/search?keywords=marka&searchon=names&suite=all&section=all,https://formulae.brew.sh/search?q=marka,https://www.npmjs.com/package/marka
marku,5,coined-notes,"Coined from note, mark, or annotation",2,available,available,,available,,occupied,https://crates.io/crates/marku,https://packages.debian.org/search?keywords=marku&searchon=names&suite=all&section=all,https://formulae.brew.sh/search?q=marku,https://www.npmjs.com/package/marku
marqo,5,coined-notes,"Coined from note, mark, or annotation",2,available,available,,available,,occupied,https://crates.io/crates/marqo,https://packages.debian.org/search?keywords=marqo&searchon=names&suite=all&section=all,https://formulae.brew.sh/search?q=marqo,https://www.npmjs.com/package/marqo
marqy,5,coined-notes,"Coined from note, mark, or annotation",2,available,available,,available,,occupied,https://crates.io/crates/marqy,https://packages.debian.org/search?keywords=marqy&searchon=names&suite=all&section=all,https://formulae.brew.sh/search?q=marqy,https://www.npmjs.com/package/marqy
mergy,5,coined-diff,"Coined from diff, hunk, patch, or merge",2,available,available,,available,,occupied,https://crates.io/crates/mergy,https://packages.debian.org/search?keywords=mergy&searchon=names&suite=all&section=all,https://formulae.brew.sh/search?q=mergy,https://www.npmjs.com/package/mergy
misa,4,coined-cooking,"Coined from taste, proof, mise, or the pass",2,available,available,,available,,occupied,https://crates.io/crates/misa,https://packages.debian.org/search?keywords=misa&searchon=names&suite=all&section=all,https://formulae.brew.sh/search?q=misa,https://www.npmjs.com/package/misa
misi,4,coined-cooking,"Coined from taste, proof, mise, or the pass",2,available,available,,available,,occupied,https://crates.io/crates/misi,https://packages.debian.org/search?keywords=misi&searchon=names&suite=all&section=all,https://formulae.brew.sh/search?q=misi,https://www.npmjs.com/package/misi
morra,5,coined-anchor,"Coined from moor, anchor, bind, or rivet",2,available,available,,available,,occupied,https://crates.io/crates/morra,https://packages.debian.org/search?keywords=morra&searchon=names&suite=all&section=all,https://formulae.brew.sh/search?q=morra,https://www.npmjs.com/package/morra
notex,5,coined-notes,"Coined from note, mark, or annotation",2,available,available,,available,,occupied,https://crates.io/crates/notex,https://packages.debian.org/search?keywords=notex&searchon=names&suite=all&section=all,https://formulae.brew.sh/search?q=notex,https://www.npmjs.com/package/notex
notix,5,coined-notes,"Coined from note, mark, or annotation",2,available,available,,available,,occupied,https://crates.io/crates/notix,https://packages.debian.org/search?keywords=notix&searchon=names&suite=all&section=all,https://formulae.brew.sh/search?q=notix,https://www.npmjs.com/package/notix
notu,4,coined-notes,"Coined from note, mark, or annotation",2,available,available,,available,,occupied,https://crates.io/crates/notu,https://packages.debian.org/search?keywords=notu&searchon=names&suite=all&section=all,https://formulae.brew.sh/search?q=notu,https://www.npmjs.com/package/notu
oids,4,code,"Code review, diffs, patches, or Git objects",2,available,available,,available,,occupied,https://crates.io/crates/oids,https://packages.debian.org/search?keywords=oids&searchon=names&suite=all&section=all,https://formulae.brew.sh/search?q=oids,https://www.npmjs.com/package/oids
pachi,5,coined-diff,"Coined from diff, hunk, patch, or merge",2,available,occupied,binary bookworm; binary bullseye; binary forky; binary sid; binary trixie; source archive,occupied,formula,occupied,https://crates.io/crates/pachi,https://packages.debian.org/search?keywords=pachi&searchon=names&suite=all&section=all,https://formulae.brew.sh/search?q=pachi,https://www.npmjs.com/package/pachi
passo,5,coined-quality,Coined around quality gates and approval,2,available,available,,available,,occupied,https://crates.io/crates/passo,https://packages.debian.org/search?keywords=passo&searchon=names&suite=all&section=all,https://formulae.brew.sh/search?q=passo,https://www.npmjs.com/package/passo
passy,5,coined-quality,Coined around quality gates and approval,2,available,available,,available,,occupied,https://crates.io/crates/passy,https://packages.debian.org/search?keywords=passy&searchon=names&suite=all&section=all,https://formulae.brew.sh/search?q=passy,https://www.npmjs.com/package/passy
patra,5,coined-diff,"Coined from diff, hunk, patch, or merge",2,available,available,,available,,occupied,https://crates.io/crates/patra,https://packages.debian.org/search?keywords=patra&searchon=names&suite=all&section=all,https://formulae.brew.sh/search?q=patra,https://www.npmjs.com/package/patra
patro,5,coined-diff,"Coined from diff, hunk, patch, or merge",2,available,available,,available,,occupied,https://crates.io/crates/patro,https://packages.debian.org/search?keywords=patro&searchon=names&suite=all&section=all,https://formulae.brew.sh/search?q=patro,https://www.npmjs.com/package/patro
peeki,5,coined-seeing,Coined from view/look/lens/gaze,2,available,available,,available,,occupied,https://crates.io/crates/peeki,https://packages.debian.org/search?keywords=peeki&searchon=names&suite=all&section=all,https://formulae.brew.sh/search?q=peeki,https://www.npmjs.com/package/peeki
platy,5,coined-cooking,"Coined from taste, proof, mise, or the pass",2,available,available,,available,,occupied,https://crates.io/crates/platy,https://packages.debian.org/search?keywords=platy&searchon=names&suite=all&section=all,https://formulae.brew.sh/search?q=platy,https://www.npmjs.com/package/platy
proba,5,coined-sifting,"Coined from sift, scan, trace, or probe",2,available,available,,available,,occupied,https://crates.io/crates/proba,https://packages.debian.org/search?keywords=proba&searchon=names&suite=all&section=all,https://formulae.brew.sh/search?q=proba,https://www.npmjs.com/package/proba
provi,5,coined-vetting,"Coined from vet, proof, or verification",2,available,available,,available,,occupied,https://crates.io/crates/provi,https://packages.debian.org/search?keywords=provi&searchon=names&suite=all&section=all,https://formulae.brew.sh/search?q=provi,https://www.npmjs.com/package/provi
pruve,5,coined-vetting,"Coined from vet, proof, or verification",2,available,available,,available,,occupied,https://crates.io/crates/pruve,https://packages.debian.org/search?keywords=pruve&searchon=names&suite=all&section=all,https://formulae.brew.sh/search?q=pruve,https://www.npmjs.com/package/pruve
quala,5,coined-quality,Coined around quality gates and approval,2,available,available,,available,,occupied,https://crates.io/crates/quala,https://packages.debian.org/search?keywords=quala&searchon=names&suite=all&section=all,https://formulae.brew.sh/search?q=quala,https://www.npmjs.com/package/quala
reda,4,coined-shipping,"Coined from ship, dock, quay, or readiness",2,available,available,,available,,occupied,https://crates.io/crates/reda,https://packages.debian.org/search?keywords=reda&searchon=names&suite=all&section=all,https://formulae.brew.sh/search?q=reda,https://www.npmjs.com/package/reda
redi,4,coined-shipping,"Coined from ship, dock, quay, or readiness",2,available,available,,available,,occupied,https://crates.io/crates/redi,https://packages.debian.org/search?keywords=redi&searchon=names&suite=all&section=all,https://formulae.brew.sh/search?q=redi,https://www.npmjs.com/package/redi
redy,4,coined-shipping,"Coined from ship, dock, quay, or readiness",2,available,available,,available,,occupied,https://crates.io/crates/redy,https://packages.debian.org/search?keywords=redy&searchon=names&suite=all&section=all,https://formulae.brew.sh/search?q=redy,https://www.npmjs.com/package/redy
reved,5,coined-review,Coined from review/revise,2,available,available,,available,,occupied,https://crates.io/crates/reved,https://packages.debian.org/search?keywords=reved&searchon=names&suite=all&section=all,https://formulae.brew.sh/search?q=reved,https://www.npmjs.com/package/reved
revik,5,coined-review,Coined from review/revise,2,available,available,,available,,occupied,https://crates.io/crates/revik,https://packages.debian.org/search?keywords=revik&searchon=names&suite=all&section=all,https://formulae.brew.sh/search?q=revik,https://www.npmjs.com/package/revik
revil,5,coined-review,Coined from review/revise,2,available,available,,available,,occupied,https://crates.io/crates/revil,https://packages.debian.org/search?keywords=revil&searchon=names&suite=all&section=all,https://formulae.brew.sh/search?q=revil,https://www.npmjs.com/package/revil
revio,5,coined-review,Coined from review/revise,2,available,available,,available,,occupied,https://crates.io/crates/revio,https://packages.debian.org/search?keywords=revio&searchon=names&suite=all&section=all,https://formulae.brew.sh/search?q=revio,https://www.npmjs.com/package/revio
revir,5,coined-review,Coined from review/revise,2,available,available,,available,,occupied,https://crates.io/crates/revir,https://packages.debian.org/search?keywords=revir&searchon=names&suite=all&section=all,https://formulae.brew.sh/search?q=revir,https://www.npmjs.com/package/revir
revix,5,coined-review,Coined from review/revise,2,available,available,,available,,occupied,https://crates.io/crates/revix,https://packages.debian.org/search?keywords=revix&searchon=names&suite=all&section=all,https://formulae.brew.sh/search?q=revix,https://www.npmjs.com/package/revix
revo,4,coined-review,Coined from review/revise,2,available,available,,available,,occupied,https://crates.io/crates/revo,https://packages.debian.org/search?keywords=revo&searchon=names&suite=all&section=all,https://formulae.brew.sh/search?q=revo,https://www.npmjs.com/package/revo
revox,5,coined-review,Coined from review/revise,2,available,available,,available,,occupied,https://crates.io/crates/revox,https://packages.debian.org/search?keywords=revox&searchon=names&suite=all&section=all,https://formulae.brew.sh/search?q=revox,https://www.npmjs.com/package/revox
revup,5,coined-review,Coined from review/revise,2,available,available,,available,,occupied,https://crates.io/crates/revup,https://packages.debian.org/search?keywords=revup&searchon=names&suite=all&section=all,https://formulae.brew.sh/search?q=revup,https://www.npmjs.com/package/revup
rivra,5,coined-anchor,"Coined from moor, anchor, bind, or rivet",2,available,available,,available,,occupied,https://crates.io/crates/rivra,https://packages.debian.org/search?keywords=rivra&searchon=names&suite=all&section=all,https://formulae.brew.sh/search?q=rivra,https://www.npmjs.com/package/rivra
rivu,4,coined-anchor,"Coined from moor, anchor, bind, or rivet",2,available,available,,available,,occupied,https://crates.io/crates/rivu,https://packages.debian.org/search?keywords=rivu&searchon=names&suite=all&section=all,https://formulae.brew.sh/search?q=rivu,https://www.npmjs.com/package/rivu
scany,5,coined-sifting,"Coined from sift, scan, trace, or probe",2,available,available,,available,,occupied,https://crates.io/crates/scany,https://packages.debian.org/search?keywords=scany&searchon=names&suite=all&section=all,https://formulae.brew.sh/search?q=scany,https://www.npmjs.com/package/scany
scent,5,finding,"Discovery, signal, illumination, or bringing issues to light",2,available,available,,available,,occupied,https://crates.io/crates/scent,https://packages.debian.org/search?keywords=scent&searchon=names&suite=all&section=all,https://formulae.brew.sh/search?q=scent,https://www.npmjs.com/package/scent
scopy,5,coined-inspection,Coined from inspect/spec/scope,2,available,available,,available,,occupied,https://crates.io/crates/scopy,https://packages.debian.org/search?keywords=scopy&searchon=names&suite=all&section=all,https://formulae.brew.sh/search?q=scopy,https://www.npmjs.com/package/scopy
seala,5,coined-quality,Coined around quality gates and approval,2,available,available,,available,,occupied,https://crates.io/crates/seala,https://packages.debian.org/search?keywords=seala&searchon=names&suite=all&section=all,https://formulae.brew.sh/search?q=seala,https://www.npmjs.com/package/seala
shipr,5,coined-shipping,"Coined from ship, dock, quay, or readiness",2,available,available,,available,,occupied,https://crates.io/crates/shipr,https://packages.debian.org/search?keywords=shipr&searchon=names&suite=all&section=all,https://formulae.brew.sh/search?q=shipr,https://www.npmjs.com/package/shipr
sifi,4,coined-cooking,"Coined from taste, proof, mise, or the pass",2,available,available,,available,,occupied,https://crates.io/crates/sifi,https://packages.debian.org/search?keywords=sifi&searchon=names&suite=all&section=all,https://formulae.brew.sh/search?q=sifi,https://www.npmjs.com/package/sifi
sifo,4,coined-cooking,"Coined from taste, proof, mise, or the pass",2,available,available,,available,,occupied,https://crates.io/crates/sifo,https://packages.debian.org/search?keywords=sifo&searchon=names&suite=all&section=all,https://formulae.brew.sh/search?q=sifo,https://www.npmjs.com/package/sifo
sifra,5,coined-sifting,"Coined from sift, scan, trace, or probe",2,available,available,,available,,occupied,https://crates.io/crates/sifra,https://packages.debian.org/search?keywords=sifra&searchon=names&suite=all&section=all,https://formulae.brew.sh/search?q=sifra,https://www.npmjs.com/package/sifra
signs,5,diagnosis,"Diagnosis, observability, or health-check metaphor",2,available,available,,available,,occupied,https://crates.io/crates/signs,https://packages.debian.org/search?keywords=signs&searchon=names&suite=all&section=all,https://formulae.brew.sh/search?q=signs,https://www.npmjs.com/package/signs
smita,5,coined-craft,"Coined from forge, hone, fit, or making",2,available,available,,available,,occupied,https://crates.io/crates/smita,https://packages.debian.org/search?keywords=smita&searchon=names&suite=all&section=all,https://formulae.brew.sh/search?q=smita,https://www.npmjs.com/package/smita
spek,4,coined-inspection,Coined from inspect/spec/scope,2,available,occupied,binary bookworm; binary sid; binary trixie; source archive,occupied,formula,occupied,https://crates.io/crates/spek,https://packages.debian.org/search?keywords=spek&searchon=names&suite=all&section=all,https://formulae.brew.sh/search?q=spek,https://www.npmjs.com/package/spek
spexy,5,coined-inspection,Coined from inspect/spec/scope,2,available,available,,available,,occupied,https://crates.io/crates/spexy,https://packages.debian.org/search?keywords=spexy&searchon=names&suite=all&section=all,https://formulae.brew.sh/search?q=spexy,https://www.npmjs.com/package/spexy
teak,4,material,"Materials, structure, and durable workmanship",2,available,available,,available,,occupied,https://crates.io/crates/teak,https://packages.debian.org/search?keywords=teak&searchon=names&suite=all&section=all,https://formulae.brew.sh/search?q=teak,https://www.npmjs.com/package/teak
testa,5,coined-checking,Coined from check/test/assay,2,available,available,,available,,occupied,https://crates.io/crates/testa,https://packages.debian.org/search?keywords=testa&searchon=names&suite=all&section=all,https://formulae.brew.sh/search?q=testa,https://www.npmjs.com/package/testa
testi,5,coined-checking,Coined from check/test/assay,2,available,available,,available,,occupied,https://crates.io/crates/testi,https://packages.debian.org/search?keywords=testi&searchon=names&suite=all&section=all,https://formulae.brew.sh/search?q=testi,https://www.npmjs.com/package/testi
traci,5,coined-sifting,"Coined from sift, scan, trace, or probe",2,available,available,,available,,occupied,https://crates.io/crates/traci,https://packages.debian.org/search?keywords=traci&searchon=names&suite=all&section=all,https://formulae.brew.sh/search?q=traci,https://www.npmjs.com/package/traci
tracr,5,coined-sifting,"Coined from sift, scan, trace, or probe",2,available,available,,available,,occupied,https://crates.io/crates/tracr,https://packages.debian.org/search?keywords=tracr&searchon=names&suite=all&section=all,https://formulae.brew.sh/search?q=tracr,https://www.npmjs.com/package/tracr
tryio,5,coined-checking,Coined from check/test/assay,2,available,available,,available,,occupied,https://crates.io/crates/tryio,https://packages.debian.org/search?keywords=tryio&searchon=names&suite=all&section=all,https://formulae.brew.sh/search?q=tryio,https://www.npmjs.com/package/tryio
verix,5,coined-vetting,"Coined from vet, proof, or verification",2,available,available,,available,,occupied,https://crates.io/crates/verix,https://packages.debian.org/search?keywords=verix&searchon=names&suite=all&section=all,https://formulae.brew.sh/search?q=verix,https://www.npmjs.com/package/verix
vetra,5,coined-vetting,"Coined from vet, proof, or verification",2,available,available,,available,,occupied,https://crates.io/crates/vetra,https://packages.debian.org/search?keywords=vetra&searchon=names&suite=all&section=all,https://formulae.brew.sh/search?q=vetra,https://www.npmjs.com/package/vetra
vetro,5,coined-vetting,"Coined from vet, proof, or verification",2,available,available,,available,,occupied,https://crates.io/crates/vetro,https://packages.debian.org/search?keywords=vetro&searchon=names&suite=all&section=all,https://formulae.brew.sh/search?q=vetro,https://www.npmjs.com/package/vetro
vety,4,coined-vetting,"Coined from vet, proof, or verification",2,available,available,,available,,occupied,https://crates.io/crates/vety,https://packages.debian.org/search?keywords=vety&searchon=names&suite=all&section=all,https://formulae.brew.sh/search?q=vety,https://www.npmjs.com/package/vety
veyra,5,coined-vetting,"Coined from vet, proof, or verification",2,available,available,,available,,occupied,https://crates.io/crates/veyra,https://packages.debian.org/search?keywords=veyra&searchon=names&suite=all&section=all,https://formulae.brew.sh/search?q=veyra,https://www.npmjs.com/package/veyra
viewr,5,coined-seeing,Coined from view/look/lens/gaze,2,available,available,,available,,occupied,https://crates.io/crates/viewr,https://packages.debian.org/search?keywords=viewr&searchon=names&suite=all&section=all,https://formulae.brew.sh/search?q=viewr,https://www.npmjs.com/package/viewr
visto,5,coined-seeing,Coined from view/look/lens/gaze,2,available,available,,available,,occupied,https://crates.io/crates/visto,https://packages.debian.org/search?keywords=visto&searchon=names&suite=all&section=all,https://formulae.brew.sh/search?q=visto,https://www.npmjs.com/package/visto
vital,5,diagnosis,"Diagnosis, observability, or health-check metaphor",2,available,available,,available,,occupied,https://crates.io/crates/vital,https://packages.debian.org/search?keywords=vital&searchon=names&suite=all&section=all,https://formulae.brew.sh/search?q=vital,https://www.npmjs.com/package/vital
vota,4,coined-vetting,"Coined from vet, proof, or verification",2,available,available,,available,,occupied,https://crates.io/crates/vota,https://packages.debian.org/search?keywords=vota&searchon=names&suite=all&section=all,https://formulae.brew.sh/search?q=vota,https://www.npmjs.com/package/vota
voto,4,coined-vetting,"Coined from vet, proof, or verification",2,available,available,,available,,occupied,https://crates.io/crates/voto,https://packages.debian.org/search?keywords=voto&searchon=names&suite=all&section=all,https://formulae.brew.sh/search?q=voto,https://www.npmjs.com/package/voto
vuera,5,coined-seeing,Coined from view/look/lens/gaze,2,available,available,,available,,occupied,https://crates.io/crates/vuera,https://packages.debian.org/search?keywords=vuera&searchon=names&suite=all&section=all,https://formulae.brew.sh/search?q=vuera,https://www.npmjs.com/package/vuera
vuero,5,coined-seeing,Coined from view/look/lens/gaze,2,available,available,,available,,occupied,https://crates.io/crates/vuero,https://packages.debian.org/search?keywords=vuero&searchon=names&suite=all&section=all,https://formulae.brew.sh/search?q=vuero,https://www.npmjs.com/package/vuero
vyro,4,coined-seeing,Coined from view/look/lens/gaze,2,available,available,,available,,occupied,https://crates.io/crates/vyro,https://packages.debian.org/search?keywords=vyro&searchon=names&suite=all&section=all,https://formulae.brew.sh/search?q=vyro,https://www.npmjs.com/package/vyro
vyu,3,coined-seeing,Coined from view/look/lens/gaze,2,available,available,,available,,occupied,https://crates.io/crates/vyu,https://packages.debian.org/search?keywords=vyu&searchon=names&suite=all&section=all,https://formulae.brew.sh/search?q=vyu,https://www.npmjs.com/package/vyu
zesty,5,coined-cooking,"Coined from taste, proof, mise, or the pass",2,available,available,,available,,occupied,https://crates.io/crates/zesty,https://packages.debian.org/search?keywords=zesty&searchon=names&suite=all&section=all,https://formulae.brew.sh/search?q=zesty,https://www.npmjs.com/package/zesty
